vpJW,,"[0, 1, 42, 290]",
1iJW,hAQfDLp8BWk,"[9, 99, 518]",
osJW,5_-daAh3da8,"[3, 89, 310]",
92JW,V_oh5u0pIT0,"[21, 23]",
ywJW,rs9E1sVCqLM,"[0, 81, 217, 447, 790]","[{'text': ""what's up everyone this is polka and"", 'start': 0.75, 'duration': 5.41}, {'text': 'plasma freeze is online and pokemon TCG', 'start': 2.8, 'duration': 7.23}, {'text': ""online I got 17 packs here so I'm gonna"", 'start': 6.16, 'duration': 5.28}, {'text': ""open them up we'll go through them"", 'start': 10.03, 'duration': 2.819}, {'text': ""together and we'll check out some brand"", 'start': 11.44, 'duration': 4.26}, {'text': 'new plasma freeze cards here we go with', 'start': 12.849, 'duration': 4.471}, {'text': 'pack number one will see if we open', 'start': 15.7, 'duration': 5.61}, {'text': 'anything cool or not ah first pack', 'start': 17.32, 'duration': 6.09}, {'text': ""doesn't look too cool but we do have"", 'start': 21.31, 'duration': 4.889}, {'text': 'this shadow triad that new thing is', 'start': 23.41, 'duration': 4.019}, {'text': 'probably gonna get pretty annoying', 'start': 26.199, 'duration': 3.48}, {'text': ""pretty soon hopefully oh boy I don't"", 'start': 27.429, 'duration': 3.151}, {'text': 'know what they were thinking with that', 'start': 29.679, 'duration': 2.76}, {'text': '1i I like do they tell you when you have', 'start': 30.58, 'duration': 3.749}, {'text': 'a new card but the fact that it keeps vu', 'start': 32.439, 'duration': 4.981}, {'text': ""going back and forth I don't really like"", 'start': 34.329, 'duration': 5.521}, {'text': 'that so much anyway um yeah this pack', 'start': 37.42, 'duration': 3.69}, {'text': 'was pretty uneventful you have this', 'start': 39.85, 'duration': 4.17}, {'text': 'seismitoad seismic punch is actually', 'start': 41.11, 'duration': 5.969}, {'text': 'pretty good 30 damage to everything in', 'start': 44.02, 'duration': 4.73}, {'text': 'play except for seismitoad of course', 'start': 47.079, 'duration': 4.291}, {'text': 'combine that with a mr. mine we maybe we', 'start': 48.75, 'duration': 5.199}, {'text': 'got a new bad duck otherwise nothing too', 'start': 51.37, 'duration': 7.2}, {'text': 'exciting here next pack we have cough', 'start': 53.949, 'duration': 8.04}, {'text': ""egregious Six Feet Under who that's kind"", 'start': 58.57, 'duration': 8.369}, {'text': 'of a morbid ability there uh but yeah', 'start': 61.989, 'duration': 7.56}, {'text': 'you can knock yourself out and put three', 'start': 66.939, 'duration': 4.411}, {'text': ""damage counters on your opponent's field"", 'start': 69.549, 'duration': 4.561}, {'text': ""that doesn't seem too good a slap of"", 'start': 71.35, 'duration': 5.97}, {'text': 'misfortune as well otherwise again a', 'start': 74.11, 'duration': 5.52}, {'text': 'pretty uneventful pack here hopefully we', 'start': 77.32, 'duration': 3.659}, {'text': ""get something worthwhile there's a"", 'start': 79.63, 'duration': 4.98}, {'text': ""reverse holo flareon let's keep chugging"", 'start': 80.979, 'duration': 7.651}, {'text': 'along here we have 15 packs to go all', 'start': 84.61, 'duration': 6.93}, {'text': 'right here we go up and a spec life do', 'start': 88.63, 'duration': 5.94}, {'text': 'card if yes Pokemon gets knocked out', 'start': 91.54, 'duration': 4.469}, {'text': 'your opponent takes one fewer prize', 'start': 94.57, 'duration': 3.869}, {'text': 'cards so kind of a neat mechanic for', 'start': 96.009, 'duration': 4.65}, {'text': 'this a spec card probably gonna work the', 'start': 98.439, 'duration': 3.96}, {'text': 'best with Sableye since you can at junk', 'start': 100.659, 'duration': 3.75}, {'text': 'hunt for it otherwise it could just get', 'start': 102.399, 'duration': 3.961}, {'text': ""tool scrapper away who knows but it's"", 'start': 104.409, 'duration': 3.24}, {'text': 'still kind of cool to have in the game', 'start': 106.36, 'duration': 3.41}, {'text': 'of course we have team plasma ball', 'start': 107.649, 'duration': 4.441}, {'text': 'search your deck 14 plasma Pokemon', 'start': 109.77, 'duration': 5.849}, {'text': 'pretty cool and then the zekrom which', 'start': 112.09, 'duration': 6.33}, {'text': 'looks pretty sweet but the attacks are', 'start': 115.619, 'duration': 5.411}, {'text': 'not very good fusion bolts might be okay', 'start': 118.42, 'duration': 4.53}, {'text': 'I probably not going to be two playable', 'start': 121.03, 'duration': 3.869}, {'text': 'so there we go we got an ace spec at', 'start': 122.95, 'duration': 4.08}, {'text': 'least hopefully we get an ax or', 'start': 124.899, 'duration': 5.161}, {'text': 'something in the future this pack not', 'start': 127.03, 'duration': 6.45}, {'text': 'too great either we have this executor', 'start': 130.06, 'duration': 5.88}, {'text': 'with a blockade attack opponent cape', 'start': 133.48, 'duration': 3.869}, {'text': 'lady supporter cards that could be', 'start': 135.94, 'duration': 5.579}, {'text': 'pretty darn annoying and a hariyama not', 'start': 137.349, 'duration': 6.601}, {'text': ""too good again let's hope for some"", 'start': 141.519, 'duration': 7.071}, {'text': 'better stuff excuse me so next pack oh', 'start': 143.95, 'duration': 7.53}, {'text': 'we have the mighty Rattata this one has', 'start': 148.59, 'duration': 5.41}, {'text': '40 hit points so maybe you can actually', 'start': 151.48, 'duration': 4.14}, {'text': ""survive the first turn now if you're"", 'start': 154.0, 'duration': 3.989}, {'text': 'playing a raticate deck those we got', 'start': 155.62, 'duration': 6.929}, {'text': 'Beedrill not too exciting that is for', 'start': 157.989, 'duration': 6.72}, {'text': ""sure and you know we're just gonna get"", 'start': 162.549, 'duration': 3.3}, {'text': 'to the rest of pack so I want this video', 'start': 164.709, 'duration': 3.301}, {'text': 'to be too long but hopefully we get some', 'start': 165.849, 'duration': 4.681}, {'text': ""good stuff okay here's an absol that's a"", 'start': 168.01, 'duration': 5.64}, {'text': 'very good card mine Jack does 20 plus 20', 'start': 170.53, 'duration': 4.289}, {'text': ""for each of your opponent's benched"", 'start': 173.65, 'duration': 2.61}, {'text': ""pokemon we're gonna see this in dark"", 'start': 174.819, 'duration': 4.611}, {'text': 'ride X I would think pretty good attack', 'start': 176.26, 'duration': 8.52}, {'text': 'leafeon uh no thanks but team plasma', 'start': 179.43, 'duration': 7.33}, {'text': 'badge you can attach this to one of your', 'start': 184.78, 'duration': 3.69}, {'text': 'team but or one of your Pokemon it', 'start': 186.76, 'duration': 4.229}, {'text': 'becomes a team plasma Pokemon pretty', 'start': 188.47, 'duration': 5.7}, {'text': 'neat mechanic I liked it all right 11', 'start': 190.989, 'duration': 6.511}, {'text': 'packs to go what are we gonna get we got', 'start': 194.17, 'duration': 5.909}, {'text': 'it execute with that propagation ability', 'start': 197.5, 'duration': 4.98}, {'text': ""it's a reverse foil you can hardly see"", 'start': 200.079, 'duration': 4.651}, {'text': 'it but it is reverse foil and then', 'start': 202.48, 'duration': 4.68}, {'text': ""another copper graegus this one's a"", 'start': 204.73, 'duration': 4.31}, {'text': 'little different with crazy slap n', 'start': 207.16, 'duration': 5.4}, {'text': 'elongating arms otherwise nothing too', 'start': 209.04, 'duration': 5.979}, {'text': 'exciting in this pack something you', 'start': 212.56, 'duration': 3.929}, {'text': 'could no tears that primeape is actually', 'start': 215.019, 'duration': 3.541}, {'text': ""a common card we don't see that on"", 'start': 216.489, 'duration': 4.59}, {'text': 'evolutions too often but just want to', 'start': 218.56, 'duration': 6.209}, {'text': 'point that out 10 packs to go and no II', 'start': 221.079, 'duration': 7.44}, {'text': 'exes yet we have a steelix with heavy', 'start': 224.769, 'duration': 6.241}, {'text': ""impact boy that's a big attack cost a"", 'start': 228.519, 'duration': 6.361}, {'text': 'hundred damage 150 hit points on a stage', 'start': 231.01, 'duration': 7.53}, {'text': ""one that's pretty good and espeon not a"", 'start': 234.88, 'duration': 6.12}, {'text': 'terrible card probably not gonna be too', 'start': 238.54, 'duration': 5.25}, {'text': 'competitive though and of course we are', 'start': 241.0, 'duration': 4.53}, {'text': 'haunted by coffee graegus in this pack', 'start': 243.79, 'duration': 4.229}, {'text': 'opening apparently to Moorea masks oh', 'start': 245.53, 'duration': 5.88}, {'text': ""boy alright so let's hope for some"", 'start': 248.019, 'duration': 6.601}, {'text': 'better stuff here we got a muck I said', 'start': 251.41, 'duration': 5.939}, {'text': ""better stuff now what we're stuff um but"", 'start': 254.62, 'duration': 6.329}, {'text': ""yeah muck if you're poison you heal 60"", 'start': 257.349, 'duration': 4.951}, {'text': ""damage from yourself well i'm going to"", 'start': 260.949, 'duration': 2.52}, {'text': ""bed if you're poison you're probably"", 'start': 262.3, 'duration': 3.84}, {'text': 'just gonna get knocked out this probably', 'start': 263.469, 'duration': 3.541}, {'text': ""isn't too good"", 'start': 266.14, 'duration': 4.32}, {'text': 'reverse foil dratini miltank nothing to', 'start': 267.01, 'duration': 6.18}, {'text': 'nothing to write home about here eight', 'start': 270.46, 'duration': 6.39}, {'text': 'packs to go no II X yet guys are we', 'start': 273.19, 'duration': 6.57}, {'text': 'gonna get one in these 17 packs all', 'start': 276.85, 'duration': 4.5}, {'text': 'right we got an electrode as the', 'start': 279.76, 'duration': 3.84}, {'text': 'magnetic draw ability drums e of four', 'start': 281.35, 'duration': 4.5}, {'text': 'cards in your hand we might not be so', 'start': 283.6, 'duration': 6.75}, {'text': 'bad krookodile not so good another', 'start': 285.85, 'duration': 7.7}, {'text': ""shadow triad and we're gonna keep moving"", 'start': 290.35, 'duration': 8.37}, {'text': 'seven packs to go stilnox all right we', 'start': 293.55, 'duration': 7.18}, {'text': 'got a superior energy hold on me click', 'start': 298.72, 'duration': 4.44}, {'text': 'that away superior energy retrieval', 'start': 300.73, 'duration': 4.11}, {'text': 'pretty good in those blastoise decks', 'start': 303.16, 'duration': 4.2}, {'text': 'discard two cards get four basic energy', 'start': 304.84, 'duration': 4.17}, {'text': 'back from a discard pile gonna be great', 'start': 307.36, 'duration': 4.14}, {'text': 'with black Kyra me X and Blastoise', 'start': 309.01, 'duration': 4.44}, {'text': 'another reverse foil aggregate in', 'start': 311.5, 'duration': 6.36}, {'text': ""another mark so let's keep going six To"", 'start': 313.45, 'duration': 8.19}, {'text': 'Go worry we got a heat Tranzit sprout', 'start': 317.86, 'duration': 5.61}, {'text': 'one of the worst X is in the set but we', 'start': 321.64, 'duration': 4.56}, {'text': 'got one all right heat boiler dynamite', 'start': 323.47, 'duration': 4.8}, {'text': 'press looks kind of cool at the very', 'start': 326.2, 'duration': 5.21}, {'text': 'least Heatran pretty sweet and a', 'start': 328.27, 'duration': 5.34}, {'text': ""pachirisu and here we go here's a big"", 'start': 331.41, 'duration': 4.48}, {'text': 'card afloat stone the tool that gives', 'start': 333.61, 'duration': 4.97}, {'text': 'you Pokemon free retreat pretty good', 'start': 335.89, 'duration': 4.8}, {'text': ""yeah we got a couple of v's as well"", 'start': 338.58, 'duration': 3.91}, {'text': 'sorry at least we got a heat training of', 'start': 340.69, 'duration': 4.68}, {'text': ""this we didn't go uh we didn't go blank"", 'start': 342.49, 'duration': 5.34}, {'text': 'on the exes at least alright so here we', 'start': 345.37, 'duration': 5.61}, {'text': 'got the weavile with vilify discard as', 'start': 347.83, 'duration': 5.46}, {'text': 'many pokemon as you like your hand um', 'start': 350.98, 'duration': 4.23}, {'text': 'does 30-day much have the number of', 'start': 353.29, 'duration': 4.02}, {'text': 'Pokemon you discard obviously combos', 'start': 355.21, 'duration': 3.83}, {'text': 'with those Eddie the cutes we got so far', 'start': 357.31, 'duration': 4.47}, {'text': 'and otherwise nothing too great here we', 'start': 359.04, 'duration': 7.66}, {'text': 'have four packs to go and I gets this', 'start': 361.78, 'duration': 8.25}, {'text': 'okay so this is actually holo rare now', 'start': 366.7, 'duration': 5.1}, {'text': 'your opponent reveals his her hand', 'start': 370.03, 'duration': 4.59}, {'text': 'shovels all the item cards into his or', 'start': 371.8, 'duration': 4.5}, {'text': 'her deck and then you draw a card for', 'start': 374.62, 'duration': 4.02}, {'text': ""each item you've shuffled in pretty cool"", 'start': 376.3, 'duration': 4.86}, {'text': 'card something to note about this here', 'start': 378.64, 'duration': 4.86}, {'text': ""I'll get rid of the blinky thing um it"", 'start': 381.16, 'duration': 4.17}, {'text': 'actually has images of other cards in', 'start': 383.5, 'duration': 3.69}, {'text': ""the background how cool is that there's"", 'start': 385.33, 'duration': 4.83}, {'text': 'Snorlax scrafty amoonguss chorus and', 'start': 387.19, 'duration': 6.51}, {'text': 'Rotom and those are the actual card', 'start': 390.16, 'duration': 6.66}, {'text': 'images from the cards huh who knew so we', 'start': 393.7, 'duration': 5.91}, {'text': 'got another team plasma ball and a nice', 'start': 396.82, 'duration': 4.04}, {'text': 'reverse foil tree go', 'start': 399.61, 'duration': 4.62}, {'text': 'three packs to go we got a cough', 'start': 400.86, 'duration': 5.77}, {'text': 'Rodriguez another one a reverse holo', 'start': 404.23, 'duration': 6.12}, {'text': 'team plasma badge and onyx the poor eons', 'start': 406.63, 'duration': 7.05}, {'text': 'wireless nothing too great here two', 'start': 410.35, 'duration': 6.379}, {'text': 'packs to go what are we gonna get', 'start': 413.68, 'duration': 8.13}, {'text': 'Quagsire got the laid-back ability or do', 'start': 416.729, 'duration': 8.371}, {'text': 'still damage done by 20 not too great', 'start': 421.81, 'duration': 6.419}, {'text': 'nothing too good in this pack and here', 'start': 425.1, 'duration': 7.539}, {'text': 'we go the last pack we have here for', 'start': 428.229, 'duration': 6.331}, {'text': ""this pack opening plasma freeze what's"", 'start': 432.639, 'duration': 6.391}, {'text': ""it gonna be be drew Oh feel like we're"", 'start': 434.56, 'duration': 6.44}, {'text': 'on the price is right and we just lost', 'start': 439.03, 'duration': 5.699}, {'text': 'pompano beach rule oh we did get an', 'start': 441.0, 'duration': 6.79}, {'text': 'absolve oh so not so bad so out of 70', 'start': 444.729, 'duration': 5.221}, {'text': 'banks we got a life do an AB saw hey', 'start': 447.79, 'duration': 6.12}, {'text': 'tranny xl2 eps alee not too bad but i', 'start': 449.95, 'duration': 5.82}, {'text': 'just wanted to make this video to show', 'start': 453.91, 'duration': 3.24}, {'text': 'off some new plasma freeze cards', 'start': 455.77, 'duration': 3.03}, {'text': 'hopefully you guys are getting on', 'start': 457.15, 'duration': 3.81}, {'text': 'pokemon TCG online hopefully i can get', 'start': 458.8, 'duration': 3.54}, {'text': 'some more codes soon and make some real', 'start': 460.96, 'duration': 3.39}, {'text': ""decks and then we'll go from there and"", 'start': 462.34, 'duration': 3.78}, {'text': 'try out some new decks with plasma', 'start': 464.35, 'duration': 3.51}, {'text': 'freeze but until then thanks for', 'start': 466.12, 'duration': 3.57}, {'text': 'watching guys who could hear from the', 'start': 467.86, 'duration': 5.24}, {'text': ""top cut and I'll see you next time"", 'start': 469.69, 'duration': 3.41}]"
RGJW,ru0SjAGoAx0,"[3, 4]",
UdJW,rwxROYHnxlQ,"[100, 548]",
sVJW,,"[3, 6, 8]",
rAJW,QndhaULcY7s,"[0, 12]",
lkJW,QxGVFQ-xy0M,"[6, 8, 807]",
h4JW,H9E4x1wtoaU,"[26, 39]","[{'text': ""hi guys aren't to me show you how to do"", 'start': 0.0, 'duration': 9.05}, {'text': 'that makeover what you need is makeup', 'start': 2.61, 'duration': 12.12}, {'text': ""and somebody's internet face thanks"", 'start': 9.05, 'duration': 10.45}, {'text': 'light so do is finish and I got these', 'start': 14.73, 'duration': 12.33}, {'text': 'from work clothes and just wipe your', 'start': 19.5, 'duration': 11.189}, {'text': 'face around do your lips as logs that', 'start': 27.06, 'duration': 5.76}, {'text': 'because if you do it on your lips your', 'start': 30.689, 'duration': 5.911}, {'text': 'lipstick still more move on your eyelid', 'start': 32.82, 'duration': 8.73}, {'text': 'over i might i have dried up skin i have', 'start': 36.6, 'duration': 12.389}, {'text': 'their own them a little bit too wet you', 'start': 41.55, 'duration': 11.46}, {'text': 'could always get its how all like stop', 'start': 48.989, 'duration': 8.57}, {'text': 'it down or some issues or just rub it in', 'start': 53.01, 'duration': 4.549}, {'text': 'so so and then use first again you some', 'start': 66.939, 'duration': 8.381}, {'text': ""eye shadow and it looks like they've"", 'start': 73.31, 'duration': 21.089}, {'text': 'great black boys see like purple so to', 'start': 75.32, 'duration': 26.96}, {'text': 'cry apply some and show them', 'start': 94.399, 'duration': 7.881}, {'text': 'get a generous amount if you want it up', 'start': 106.39, 'duration': 11.46}, {'text': 'put quite a bit on or if you want it', 'start': 113.62, 'duration': 7.38}, {'text': 'like really perfectly or whatever color', 'start': 117.85, 'duration': 6.68}, {'text': 'is put', 'start': 121.0, 'duration': 3.53}, {'text': 'you can put in your finger', 'start': 140.44, 'duration': 5.39}, {'text': 'and you can always use the same they', 'start': 153.9, 'duration': 9.75}, {'text': 'like a it goes on your face of it so it', 'start': 155.73, 'duration': 10.459}, {'text': 'was awry', 'start': 163.65, 'duration': 2.539}, {'text': 'Shh gentle Simone', 'start': 169.25, 'duration': 3.84}, {'text': ""and I'm gonna with the end if you think"", 'start': 186.16, 'duration': 5.24}, {'text': ""it won't look scruffy"", 'start': 188.35, 'duration': 3.05}, {'text': ""so it's done don't wash it by hand"", 'start': 212.25, 'duration': 7.55}, {'text': ""next bullsh I'm going to get these crap"", 'start': 219.93, 'duration': 15.25}, {'text': ""so I've got like a big box so that's the"", 'start': 228.07, 'duration': 9.8}, {'text': ""blush I'm using"", 'start': 235.18, 'duration': 2.69}, {'text': ""I'm only putting a little bit under I'll"", 'start': 244.44, 'duration': 14.87}, {'text': 'go orange lipstick mmm these are like', 'start': 246.57, 'duration': 15.3}, {'text': ""i'm using I ones lipstick because I"", 'start': 259.31, 'duration': 4.66}, {'text': ""don't have money then shares i've been"", 'start': 261.87, 'duration': 16.86}, {'text': 'with tables and you can use it lip liner', 'start': 263.97, 'duration': 25.79}, {'text': ""if you want to so I'm going to use aqua"", 'start': 278.73, 'duration': 15.35}, {'text': ""it's quite a nice color"", 'start': 289.76, 'duration': 4.32}, {'text': 'mmm you can add some mascara now the eye', 'start': 324.95, 'duration': 6.58}, {'text': 'shadow when this mascara is mine my mom', 'start': 329.25, 'duration': 9.36}, {'text': ""won't let me use her miss Carla yeah"", 'start': 331.53, 'duration': 10.97}, {'text': ""that's the mascara I'm using its cold"", 'start': 338.61, 'duration': 8.84}, {'text': 'soups eye lash mascara', 'start': 342.5, 'duration': 4.95}, {'text': 'and', 'start': 394.249, 'duration': 2.57}, {'text': ""that's my makeup tutorial done hope you"", 'start': 397.59, 'duration': 6.27}, {'text': 'like it', 'start': 401.41, 'duration': 2.45}]"
SmJW,HJWeiJrU-rc,"[11, 20, 22, 29, 32, 112, 120, 767, 1553]","[{'text': ""hi I'm Nancy this is what I've created"", 'start': 2.179, 'duration': 7.691}, {'text': 'very quickly in my wok I got a nice big', 'start': 6.06, 'duration': 7.98}, {'text': 'huge walk that i migrated with from', 'start': 9.87, 'duration': 7.34}, {'text': 'malaysia this walk was given to me by my', 'start': 14.04, 'duration': 6.09}, {'text': 'my deceased mother in law when I got', 'start': 17.21, 'duration': 10.659}, {'text': 'married look mmm i have here fresh singh', 'start': 20.13, 'duration': 10.86}, {'text': 'karki mushroom quite a bit i would say', 'start': 27.869, 'duration': 8.131}, {'text': 'half a kilo and i have also this fresh', 'start': 30.99, 'duration': 10.19}, {'text': 'fried tofu tofu that you buy in the shop', 'start': 36.0, 'duration': 8.28}, {'text': 'they are all brief right there tiny', 'start': 41.18, 'duration': 5.8}, {'text': 'little cubes and you can find it in a', 'start': 44.28, 'duration': 6.39}, {'text': ""refrigeration section and what i've done"", 'start': 46.98, 'duration': 9.23}, {'text': 'is i bought a ready mix tofu mixture', 'start': 50.67, 'duration': 9.119}, {'text': 'stir fry just for tofu and I hit it', 'start': 56.21, 'duration': 7.47}, {'text': 'about my wall I put a whole packet in', 'start': 59.789, 'duration': 8.94}, {'text': 'cut my mushroom put it in and then give', 'start': 63.68, 'duration': 9.43}, {'text': 'it a cell and then I true hey my tofu', 'start': 68.729, 'duration': 8.521}, {'text': 'and fried it very nicely I chopped 3', 'start': 73.11, 'duration': 7.92}, {'text': ""small way super hot red chilies I'm"", 'start': 77.25, 'duration': 6.63}, {'text': 'talking about i won super red hot', 'start': 81.03, 'duration': 10.74}, {'text': 'chilies that are this one oh my god yeah', 'start': 83.88, 'duration': 12.419}, {'text': 'very hard we grow it in a garden nice', 'start': 91.77, 'duration': 7.65}, {'text': 'huge victory now in a guy maybe one day', 'start': 96.299, 'duration': 6.0}, {'text': ""I'll go downstairs and take a shot of it"", 'start': 99.42, 'duration': 6.659}, {'text': 'the happy of these and threw it into the', 'start': 102.299, 'duration': 7.711}, {'text': 'wall and give it a good stir', 'start': 106.079, 'duration': 8.551}, {'text': ""give it a picture know if this Court's"", 'start': 110.01, 'duration': 6.75}, {'text': 'and I want to eat to dislike one and you', 'start': 114.63, 'duration': 4.92}, {'text': 'watch HD and he once mold and also if', 'start': 116.76, 'duration': 4.2}, {'text': 'you want to be on camera or the very', 'start': 119.55, 'duration': 4.83}, {'text': 'thought you actually like to be fat with', 'start': 120.96, 'duration': 9.78}, {'text': 'one go through the snow then I add it in', 'start': 124.38, 'duration': 12.65}, {'text': 'a loss of all three leaves or basil', 'start': 130.74, 'duration': 10.02}, {'text': 'basil is from downstairs I just pluck', 'start': 137.03, 'duration': 6.94}, {'text': 'some put it in water and just leave it', 'start': 140.76, 'duration': 5.94}, {'text': 'near my stove and whenever convenient I', 'start': 143.97, 'duration': 8.4}, {'text': 'just snowy please keep quiet alley be', 'start': 146.7, 'duration': 10.8}, {'text': 'quiet okay mommy love you what is', 'start': 152.37, 'duration': 6.78}, {'text': ""jealous is thinking I'm talking to"", 'start': 157.5, 'duration': 3.66}, {'text': ""someone I'm just talking to the wall oh"", 'start': 159.15, 'duration': 5.64}, {'text': ""my god I'm just gonna walk and he's"", 'start': 161.16, 'duration': 6.54}, {'text': ""jealous now I'm going to take a scoop of"", 'start': 164.79, 'duration': 10.71}, {'text': 'the bra and I call my simple hence this', 'start': 167.7, 'duration': 11.039}, {'text': 'simple stir fried tofu with shiitake', 'start': 175.5, 'duration': 7.489}, {'text': 'mushroom okay', 'start': 178.739, 'duration': 4.25}]"
EJJW,jae1o8veFgI,[8],"[{'text': 'hi this is TJ with danceplug', 'start': 14.32, 'duration': 4.959}, {'text': 'and the gorgeous Whitney hi guys thanks', 'start': 16.73, 'duration': 4.769}, {'text': ""for having me oh you're so sweet amazing"", 'start': 19.279, 'duration': 4.381}, {'text': 'piece great job thank you it was a lot', 'start': 21.499, 'duration': 3.571}, {'text': ""of fun I'm really happy with the"", 'start': 23.66, 'duration': 3.15}, {'text': ""performance side yeah well you're a pro"", 'start': 25.07, 'duration': 3.449}, {'text': 'so I mean for you did you have to coach', 'start': 26.81, 'duration': 3.84}, {'text': ""friction quite a lot yeah I mean it's"", 'start': 28.519, 'duration': 4.501}, {'text': 'hard because fiction totally is opposite', 'start': 30.65, 'duration': 4.2}, {'text': 'from ballroom so we definitely had to', 'start': 33.02, 'duration': 3.75}, {'text': 'practice a lot about the technique and', 'start': 34.85, 'duration': 3.81}, {'text': 'get it right so many people spend years', 'start': 36.77, 'duration': 3.87}, {'text': 'on that technique than they do in five', 'start': 38.66, 'duration': 3.9}, {'text': ""days it's really hard so we definitely"", 'start': 40.64, 'duration': 5.16}, {'text': 'had to practice a lot yeah but it was', 'start': 42.56, 'duration': 5.07}, {'text': ""great I mean I'm so proud of him though"", 'start': 45.8, 'duration': 5.16}, {'text': 'so so proud he worked so hard so he did', 'start': 47.63, 'duration': 4.62}, {'text': 'really great do you think he has a shot', 'start': 50.96, 'duration': 4.62}, {'text': 'to win no I think both of them have a', 'start': 52.25, 'duration': 5.61}, {'text': ""shot to win they're so strong both Aaron"", 'start': 55.58, 'duration': 3.99}, {'text': 'and fiction I mean they have a really', 'start': 57.86, 'duration': 3.96}, {'text': ""strong top four so we'll see yeah good"", 'start': 59.57, 'duration': 4.2}, {'text': 'answer I wanted to like dig I really', 'start': 61.82, 'duration': 4.89}, {'text': 'wanted to pick one yeah when he says', 'start': 63.77, 'duration': 7.729}, {'text': 'fiction wins everybody did you hear that', 'start': 66.71, 'duration': 4.789}, {'text': 'that one lifts when he threw you over', 'start': 72.34, 'duration': 3.819}, {'text': 'how would you have felt if your keel', 'start': 74.719, 'duration': 4.561}, {'text': 'went in his eyeball oh my gosh let me', 'start': 76.159, 'duration': 6.151}, {'text': 'just tell you I had to make sure that he', 'start': 79.28, 'duration': 4.619}, {'text': 'was perfectly safe because I could not', 'start': 82.31, 'duration': 3.54}, {'text': 'live mice with myself if I hurt him in', 'start': 83.899, 'duration': 4.26}, {'text': 'any way so we made sure that it was safe', 'start': 85.85, 'duration': 3.869}, {'text': 'but the package you know they always do', 'start': 88.159, 'duration': 3.901}, {'text': 'that for her drama and whatever but did', 'start': 89.719, 'duration': 5.94}, {'text': 'it come close it actually did I think I', 'start': 92.06, 'duration': 6.18}, {'text': 'I think I like I crushed his head the', 'start': 95.659, 'duration': 4.71}, {'text': ""first time and he'll say that I'd hit"", 'start': 98.24, 'duration': 3.629}, {'text': 'him in the head really hard but I', 'start': 100.369, 'duration': 3.901}, {'text': 'brushed it okay it was like tough it was', 'start': 101.869, 'duration': 4.74}, {'text': ""a love tap it wasn't it wasn't really"", 'start': 104.27, 'duration': 4.049}, {'text': 'that bad because I did I noticed that', 'start': 106.609, 'duration': 5.76}, {'text': 'you took off your heels so yes yes yes', 'start': 108.319, 'duration': 6.9}, {'text': 'just just for precaution yeah so a heel', 'start': 112.369, 'duration': 5.13}, {'text': 'to the face instead of like an actual', 'start': 115.219, 'duration': 5.22}, {'text': 'high-heeled stiletto heel yeah it was', 'start': 117.499, 'duration': 4.86}, {'text': 'like well this is for friction when I', 'start': 120.439, 'duration': 4.2}, {'text': ""coast I'm really I'm really considerate"", 'start': 122.359, 'duration': 2.941}, {'text': 'you know', 'start': 124.639, 'duration': 4.221}, {'text': ""head so that's why I took off the hills"", 'start': 125.3, 'duration': 3.56}]"
HVJW,0sW-SslNSmI,"[2, 7, 116, 135]",
cVJW,-KwJU38mseI,[14],
gUJW,-baVrpm16y8,"[9, 270]","[{'text': ""I'm gonna demonstrate how to mount the"", 'start': 5.73, 'duration': 5.04}, {'text': 'two pie cutter router attachment on to', 'start': 8.04, 'duration': 4.92}, {'text': 'your laminate trimming router to use to', 'start': 10.77, 'duration': 4.17}, {'text': 'cut your rosette channels sound hole and', 'start': 12.96, 'duration': 4.89}, {'text': 'rosette patch this attachment will mount', 'start': 14.94, 'duration': 5.64}, {'text': 'on any laminate trimming router it comes', 'start': 17.85, 'duration': 5.249}, {'text': 'with some protective covering over the', 'start': 20.58, 'duration': 5.55}, {'text': 'clear acrylic once you peel it off this', 'start': 23.099, 'duration': 5.881}, {'text': 'is what you have there are two types of', 'start': 26.13, 'duration': 5.729}, {'text': 'laminate trimming routers this is known', 'start': 28.98, 'duration': 5.67}, {'text': 'as an open based router once you take', 'start': 31.859, 'duration': 7.501}, {'text': 'the plastic base off notice the base of', 'start': 34.65, 'duration': 7.409}, {'text': 'the router has an opening on two sides', 'start': 39.36, 'duration': 6.06}, {'text': 'this is a closed base router once you', 'start': 42.059, 'duration': 6.18}, {'text': 'take the attachment off there is no', 'start': 45.42, 'duration': 5.069}, {'text': ""opening around the hole once you've"", 'start': 48.239, 'duration': 5.011}, {'text': 'removed the base then you want to attach', 'start': 50.489, 'duration': 6.39}, {'text': 'some double-stick tape to the plastic', 'start': 53.25, 'duration': 6.629}, {'text': ""base that you've taken off this will"", 'start': 56.879, 'duration': 4.77}, {'text': 'enable you to stick it down to the', 'start': 59.879, 'duration': 4.291}, {'text': 'attachment to drill the holes once', 'start': 61.649, 'duration': 5.071}, {'text': ""you've got the tape on just peel off the"", 'start': 64.17, 'duration': 6.42}, {'text': ""backing and now you're ready to position"", 'start': 66.72, 'duration': 7.71}, {'text': 'this on the attachment now you just need', 'start': 70.59, 'duration': 6.18}, {'text': 'to eyeball it into Center it does not', 'start': 74.43, 'duration': 5.91}, {'text': 'have to be exact now I use a backing', 'start': 76.77, 'duration': 6.72}, {'text': ""piece here so that we don't blow out the"", 'start': 80.34, 'duration': 5.04}, {'text': 'backside but you just want to drill', 'start': 83.49, 'duration': 8.0}, {'text': 'through all of these holes', 'start': 85.38, 'duration': 6.11}, {'text': 'the bottom side that rides up against', 'start': 96.96, 'duration': 6.76}, {'text': ""the piece you're working on is the one"", 'start': 100.51, 'duration': 7.17}, {'text': 'with the trench here so on that face', 'start': 103.72, 'duration': 6.27}, {'text': ""we're going to countersink these holes"", 'start': 107.68, 'duration': 5.579}, {'text': 'so let the screw head just get out of', 'start': 109.99, 'duration': 11.82}, {'text': ""the way and won't scratch your top put"", 'start': 113.259, 'duration': 12.541}, {'text': 'the screws back in then you just need to', 'start': 121.81, 'duration': 7.35}, {'text': 'attach the second piece the second beast', 'start': 125.8, 'duration': 6.75}, {'text': 'mounts on top the screw up to the bottom', 'start': 129.16, 'duration': 7.64}, {'text': 'the screw head in the trench the washer', 'start': 132.55, 'duration': 9.84}, {'text': 'the wingnut and finally the pin the pin', 'start': 136.8, 'duration': 7.689}, {'text': 'rides in the hole and you work board and', 'start': 142.39, 'duration': 4.819}, {'text': 'the whole assembly rotates on this pin', 'start': 144.489, 'duration': 5.931}, {'text': 'you may need a work board like this and', 'start': 147.209, 'duration': 7.511}, {'text': ""here's one in progress here's the top we"", 'start': 150.42, 'duration': 7.0}, {'text': ""just did this rosette here's the pin"", 'start': 154.72, 'duration': 4.89}, {'text': 'which mine is permanently attached to', 'start': 157.42, 'duration': 3.629}, {'text': 'the board and I want to take this off', 'start': 159.61, 'duration': 4.08}, {'text': ""but this is what's underneath it's"", 'start': 161.049, 'duration': 4.741}, {'text': 'basically a piece of wood with a', 'start': 163.69, 'duration': 4.26}, {'text': 'centerline I have a flat edge on the top', 'start': 165.79, 'duration': 5.25}, {'text': ""that's for enabling me to drop a"", 'start': 167.95, 'duration': 5.28}, {'text': 'perpendicular down here to measure', 'start': 171.04, 'duration': 5.58}, {'text': 'things and quarter-inch hole for the pin', 'start': 173.23, 'duration': 8.759}, {'text': 'the attachment fits in this hole like', 'start': 176.62, 'duration': 8.369}, {'text': 'this and then you can adjust this in and', 'start': 181.989, 'duration': 6.301}, {'text': ""out to make your cuts if you're going to"", 'start': 184.989, 'duration': 5.581}, {'text': 'cut more than one rosette on your work', 'start': 188.29, 'duration': 4.71}, {'text': 'board you might want to consider using a', 'start': 190.57, 'duration': 6.449}, {'text': 'metal bushing in here the metal rod will', 'start': 193.0, 'duration': 6.57}, {'text': 'where the wooden hole out and what will', 'start': 197.019, 'duration': 4.351}, {'text': ""happen is you'll get some wobble in"", 'start': 199.57, 'duration': 3.81}, {'text': ""there and I'll translate to an uneven"", 'start': 201.37, 'duration': 7.08}, {'text': 'hole if you first drill less bigger to', 'start': 203.38, 'duration': 6.96}, {'text': 'fit the bushing and then put the metal', 'start': 208.45, 'duration': 4.31}, {'text': ""in the metal bushing it'll stay tighter"", 'start': 210.34, 'duration': 5.19}, {'text': ""longer and you'll get a lot more use out"", 'start': 212.76, 'duration': 5.069}, {'text': 'of it', 'start': 215.53, 'duration': 2.299}]"
vsJW,gMLwuqlQLxc,"[6, 8]",
4GJW,C_DZP8NvGPk,"[1, 352]",
acJW,8YPKhrfFWQo,[312],
AvJW,gd0ax05AjGA,"[0, 1, 733, 1401, 1829]",
LnJW,gjErxtnpGEY,"[0, 1, 27]",
x4JW,9iX-ac8Vba4,"[2, 7, 3460]",
dNJW,LMZhd57Hmco,[8],
vEJW,LSKDL4fCMbY,"[11, 20, 22, 29, 32, 1136]",
kZJW,LThx4d45mRM,"[231, 491]",
jTJW,FTWgxt2sEfk,"[0, 1, 36, 94, 183, 582]","[{'text': ""how's it going people of YouTube it's me"", 'start': 0.0, 'duration': 4.29}, {'text': 'john here with since three tutorials and', 'start': 2.58, 'duration': 3.989}, {'text': 'i just want to give a big thank you to', 'start': 4.29, 'duration': 4.83}, {'text': 'all of you in my subscribers list and in', 'start': 6.569, 'duration': 4.95}, {'text': 'all of you that watch my videos because', 'start': 9.12, 'duration': 5.639}, {'text': 'now i have reached 1000 subscribers so', 'start': 11.519, 'duration': 5.041}, {'text': 'thank you very much for helping me reach', 'start': 14.759, 'duration': 3.451}, {'text': ""a thousand subscribers there's a lot"", 'start': 16.56, 'duration': 3.27}, {'text': 'more to come the live show will be', 'start': 18.21, 'duration': 4.11}, {'text': 'starting up soon again I hope for the', 'start': 19.83, 'duration': 5.07}, {'text': 'rush hour show as well as call duty', 'start': 22.32, 'duration': 5.129}, {'text': ""black ops 2 will continue I'll tell you"", 'start': 24.9, 'duration': 4.35}, {'text': 'guys more about call of duty ghosts', 'start': 27.449, 'duration': 4.08}, {'text': ""Assassin's Creed 4 grand theft auto 5"", 'start': 29.25, 'duration': 3.6}, {'text': 'which I do agree at the thought of 5', 'start': 31.529, 'duration': 2.55}, {'text': 'giveaway if you want to go check it out', 'start': 32.85, 'duration': 3.479}, {'text': 'on my other channel please do so and go', 'start': 34.079, 'duration': 3.991}, {'text': 'ahead and like and comment on that also', 'start': 36.329, 'duration': 3.631}, {'text': 'new video series is on the way I do much', 'start': 38.07, 'duration': 3.72}, {'text': 'I know I start a lot of serious I just', 'start': 39.96, 'duration': 3.33}, {'text': ""haven't been able to upload lately I"", 'start': 41.79, 'duration': 3.03}, {'text': 'never be able to finish most of the', 'start': 43.29, 'duration': 3.72}, {'text': ""series so lately I'm gonna be starting"", 'start': 44.82, 'duration': 4.079}, {'text': 'up a grant about a 4 series just to get', 'start': 47.01, 'duration': 5.49}, {'text': 'revamped and re excited about grand', 'start': 48.899, 'duration': 5.041}, {'text': 'theft auto 5 you know once you guys to', 'start': 52.5, 'duration': 2.969}, {'text': 'be excited and want you guys to enjoy', 'start': 53.94, 'duration': 3.48}, {'text': 'the fact that grand theft auto 5 is', 'start': 55.469, 'duration': 4.02}, {'text': ""almost here it's almost here comes out"", 'start': 57.42, 'duration': 4.26}, {'text': 'in September which is not that far away', 'start': 59.489, 'duration': 4.74}, {'text': 'if you want to think of it like that but', 'start': 61.68, 'duration': 4.89}, {'text': 'also grand theft auto 5 of assassins', 'start': 64.229, 'duration': 4.32}, {'text': 'creed 4 which also comes out in near the', 'start': 66.57, 'duration': 4.47}, {'text': 'holidays as well as the ps4 and the new', 'start': 68.549, 'duration': 3.961}, {'text': 'xbox which will be released in the', 'start': 71.04, 'duration': 4.38}, {'text': 'holiday 2013 as well so a lot of new', 'start': 72.51, 'duration': 4.23}, {'text': 'stuff is coming out guys a lot of new', 'start': 75.42, 'duration': 3.57}, {'text': 'stuff and a lot of new subscribers turn', 'start': 76.74, 'duration': 3.54}, {'text': 'my channel for you guys to find out', 'start': 78.99, 'duration': 3.93}, {'text': 'about all the amazing stuff here I know', 'start': 80.28, 'duration': 3.69}, {'text': 'my voice sounds a bit different than', 'start': 82.92, 'duration': 3.3}, {'text': 'using a different recording device for', 'start': 83.97, 'duration': 3.81}, {'text': ""right now I just don't have my other"", 'start': 86.22, 'duration': 3.66}, {'text': 'headset right now to record with or my', 'start': 87.78, 'duration': 3.629}, {'text': ""microphone so I'm using a different one"", 'start': 89.88, 'duration': 2.79}, {'text': ""hopefully it's still pretty good quality"", 'start': 91.409, 'duration': 3.901}, {'text': ""I don't want it to you know lack anyway"", 'start': 92.67, 'duration': 4.199}, {'text': 'guys thank you guys for watching all my', 'start': 95.31, 'duration': 2.55}, {'text': 'videos thank you guys for subscribing', 'start': 96.869, 'duration': 2.911}, {'text': 'commenting and liking my videos it', 'start': 97.86, 'duration': 3.299}, {'text': 'really helps me out a lot when you do', 'start': 99.78, 'duration': 3.089}, {'text': 'all that and it also lets me know if you', 'start': 101.159, 'duration': 3.6}, {'text': 'guys like or dislike the videos or if', 'start': 102.869, 'duration': 3.841}, {'text': 'you guys want to see different content', 'start': 104.759, 'duration': 3.271}, {'text': 'or see me do different things with', 'start': 106.71, 'duration': 3.869}, {'text': 'different content so continue to make', 'start': 108.03, 'duration': 3.93}, {'text': 'suggestions you know message me here on', 'start': 110.579, 'duration': 2.61}, {'text': 'youtube if you have some ideas for a', 'start': 111.96, 'duration': 2.519}, {'text': ""series or anything like that I'd be"", 'start': 113.189, 'duration': 5.271}, {'text': 'really grateful to know about that so', 'start': 114.479, 'duration': 6.03}, {'text': 'yeah alright guys thank you guys for', 'start': 118.46, 'duration': 3.31}, {'text': 'watching hopefully you guys have a', 'start': 120.509, 'duration': 4.171}, {'text': 'fantastic day I really do appreciate you', 'start': 121.77, 'duration': 3.87}, {'text': 'guys helping me hit a thousand', 'start': 124.68, 'duration': 2.7}, {'text': 'subscribers go subscribe to country go', 'start': 125.64, 'duration': 3.509}, {'text': '459 and my other channel which are down', 'start': 127.38, 'duration': 3.659}, {'text': 'below help them out help them reach a', 'start': 129.149, 'duration': 3.411}, {'text': 'few hundred subscribers as well', 'start': 131.039, 'duration': 3.2}, {'text': 'they really would appreciate it as well', 'start': 132.56, 'duration': 3.69}, {'text': 'cuz a really good youtubers well rush', 'start': 134.239, 'duration': 3.241}, {'text': 'hour renegades in my other channel it', 'start': 136.25, 'duration': 2.37}, {'text': 'would really help me out a lot if you', 'start': 137.48, 'duration': 3.089}, {'text': 'guys subscribe to it but those two', 'start': 138.62, 'duration': 3.03}, {'text': 'channels that I just mentioned are', 'start': 140.569, 'duration': 3.241}, {'text': 'partnered with RPM network so they', 'start': 141.65, 'duration': 3.39}, {'text': ""finally got partner didn't everything"", 'start': 143.81, 'duration': 3.179}, {'text': 'like that so go support them one is', 'start': 145.04, 'duration': 3.51}, {'text': ""April's channel when it's my channel so"", 'start': 146.989, 'duration': 3.421}, {'text': 'please go help them out a lot it would', 'start': 148.55, 'duration': 4.53}, {'text': 'really mean a lot to me all right guys', 'start': 150.41, 'duration': 4.62}, {'text': 'like I said thank you for watching thank', 'start': 153.08, 'duration': 4.379}, {'text': 'you for a thousand subs almost hitting a', 'start': 155.03, 'duration': 3.78}, {'text': ""million video of you so let's go and see"", 'start': 157.459, 'duration': 2.731}, {'text': 'if we can get a million video views on', 'start': 158.81, 'duration': 2.91}, {'text': 'this channel once I had a million video', 'start': 160.19, 'duration': 2.76}, {'text': ""views I'll do another video like this"", 'start': 161.72, 'duration': 3.18}, {'text': 'thanking you guys and possibly maybe do', 'start': 162.95, 'duration': 4.02}, {'text': ""another giveaway but I don't know yet I"", 'start': 164.9, 'duration': 3.33}, {'text': 'suppose already have a grant to thought', 'start': 166.97, 'duration': 3.57}, {'text': ""of 5 going on maybe I'll do one more"", 'start': 168.23, 'duration': 4.2}, {'text': 'give away with a game so you know stay', 'start': 170.54, 'duration': 3.06}, {'text': ""tuned for that we don't know what's"", 'start': 172.43, 'duration': 2.43}, {'text': ""going to happen yet i'll email is going"", 'start': 173.6, 'duration': 2.73}, {'text': 'to happen yet so like i said thank you', 'start': 174.86, 'duration': 3.12}, {'text': 'guys for a thousand subs continue', 'start': 176.33, 'duration': 2.7}, {'text': 'watching my videos and have a fantastic', 'start': 177.98, 'duration': 4.52}, {'text': ""day i'll see you guys later peace"", 'start': 179.03, 'duration': 3.47}]"
q7JW,F_hgnv9hvJM,"[5, 16, 301, 903, 3547]",
i1JW,XkJbn5dH27g,"[0, 1, 35, 976, 3805]",
JOJW,3BbTDOYV42c,[12],"[{'text': 'well the breaking news is if', 'start': 0.0, 'duration': 3.78}, {'text': ""Pellegrini's been sucked in well we like"", 'start': 1.319, 'duration': 3.871}, {'text': 'to believe Josie will have the job in a', 'start': 3.78, 'duration': 3.18}, {'text': 'couple of days what am i doing getting', 'start': 5.19, 'duration': 4.02}, {'text': 'were the money who are Josie I think', 'start': 6.96, 'duration': 4.29}, {'text': 'they would get the best at the moment', 'start': 9.21, 'duration': 4.38}, {'text': ""I'm not surprised that mad with sucked"", 'start': 11.25, 'duration': 3.809}, {'text': 'Pellegrini because it was a big', 'start': 13.59, 'duration': 3.96}, {'text': 'expectation from Madrid the fan of the', 'start': 15.059, 'duration': 4.47}, {'text': 'Champions League in burnaby so there was', 'start': 17.55, 'duration': 3.93}, {'text': ""expecting to be there didn't win the"", 'start': 19.529, 'duration': 4.291}, {'text': 'league so it was quite disappointed', 'start': 21.48, 'duration': 4.5}, {'text': 'season after all the money days they', 'start': 23.82, 'duration': 5.039}, {'text': ""spent and we've chosen Moreno I think"", 'start': 25.98, 'duration': 4.949}, {'text': 'they would know where to go is a winner', 'start': 28.859, 'duration': 5.581}, {'text': 'it will do everything to win and and i', 'start': 30.929, 'duration': 5.941}, {'text': 'think is a good sign in madrid have a', 'start': 34.44, 'duration': 5.16}, {'text': 'certain style of play same way they play', 'start': 36.87, 'duration': 4.32}, {'text': ""it's not always in tune with the way"", 'start': 39.6, 'duration': 4.17}, {'text': 'Mourinho does how will that work I think', 'start': 41.19, 'duration': 4.529}, {'text': 'we adapt itself himself when he was at', 'start': 43.77, 'duration': 3.539}, {'text': 'Chelsea adapt himself when he was in', 'start': 45.719, 'duration': 3.781}, {'text': 'initially with India and we know how', 'start': 47.309, 'duration': 5.43}, {'text': 'different it is the English football and', 'start': 49.5, 'duration': 5.579}, {'text': 'the Italian football and I think he will', 'start': 52.739, 'duration': 4.291}, {'text': ""adapt himself I've got the really good"", 'start': 55.079, 'duration': 4.471}, {'text': 'players it got players who can win the', 'start': 57.03, 'duration': 5.939}, {'text': 'game and the way that matter explain he', 'start': 59.55, 'duration': 4.679}, {'text': 'has been like that for years and years', 'start': 62.969, 'duration': 2.97}, {'text': 'and I think he will adapt himself with', 'start': 64.229, 'duration': 3.151}, {'text': ""the quality of the players he's got and"", 'start': 65.939, 'duration': 4.29}, {'text': 'I would not be surprised if if we if', 'start': 67.38, 'duration': 4.41}, {'text': ""he's do we do when you've worked with"", 'start': 70.229, 'duration': 2.881}, {'text': 'him in a dressing room just gives an', 'start': 71.79, 'duration': 3.119}, {'text': ""insight what's he like up first morning"", 'start': 73.11, 'duration': 3.149}, {'text': 'money walks into that group of players', 'start': 74.909, 'duration': 3.061}, {'text': 'is coming with a big smile on his face', 'start': 76.259, 'duration': 4.531}, {'text': 'he will put his handle on the players he', 'start': 77.97, 'duration': 4.35}, {'text': 'will get really funny with the players', 'start': 80.79, 'duration': 3.99}, {'text': ""and it's what I should should be the"", 'start': 82.32, 'duration': 5.13}, {'text': ""place is really good but it's somebody"", 'start': 84.78, 'duration': 5.19}, {'text': 'when we start working it will be a', 'start': 87.45, 'duration': 4.86}, {'text': 'different man it will ask players to be', 'start': 89.97, 'duration': 4.38}, {'text': 'concentrated 100% to becoming it', 'start': 92.31, 'duration': 5.43}, {'text': 'committed to twist training and and I', 'start': 94.35, 'duration': 4.68}, {'text': ""think that's why is doing it is doing"", 'start': 97.74, 'duration': 3.6}, {'text': 'really well you can be really tough on', 'start': 99.03, 'duration': 4.26}, {'text': 'really strong in one side and the other', 'start': 101.34, 'duration': 3.809}, {'text': 'side it would be really friendly smiling', 'start': 103.29, 'duration': 4.259}, {'text': ""and and that's what we need sometimes I"", 'start': 105.149, 'duration': 3.811}, {'text': 'mean I saw some pictures of the', 'start': 107.549, 'duration': 3.061}, {'text': 'enterprise hoggin him after the game', 'start': 108.96, 'duration': 3.72}, {'text': 'they seem like that relationship was so', 'start': 110.61, 'duration': 4.23}, {'text': ""tight it's building a really strong"", 'start': 112.68, 'duration': 4.829}, {'text': 'relationship with the players honest', 'start': 114.84, 'duration': 5.879}, {'text': 'relationship it will face the players', 'start': 117.509, 'duration': 5.671}, {'text': 'ask the players to perform and it will', 'start': 120.719, 'duration': 5.281}, {'text': 'give the players all what the players', 'start': 123.18, 'duration': 6.9}, {'text': 'need to be at the top and if not we put', 'start': 126.0, 'duration': 7.05}, {'text': 'you on the side it can be really strong', 'start': 130.08, 'duration': 3.54}, {'text': 'really', 'start': 133.05, 'duration': 2.88}, {'text': 'but really tough at the same time yes', 'start': 133.62, 'duration': 4.35}, {'text': ""surfers and what will hit B's be his"", 'start': 135.93, 'duration': 4.32}, {'text': 'priority going in will it be wrestling a', 'start': 137.97, 'duration': 4.049}, {'text': 'league from Barcelona or will it be the', 'start': 140.25, 'duration': 3.989}, {'text': 'champions week or both it will go for', 'start': 142.019, 'duration': 3.961}, {'text': 'both know him he will go for everything', 'start': 144.239, 'duration': 3.481}, {'text': 'is a winner it would not make a', 'start': 145.98, 'duration': 4.71}, {'text': 'difference between the Spanish club or', 'start': 147.72, 'duration': 4.379}, {'text': 'the league or the Champions League he', 'start': 150.69, 'duration': 3.51}, {'text': 'will want to win every single game and I', 'start': 152.099, 'duration': 4.771}, {'text': ""think that's why that's what that's what"", 'start': 154.2, 'duration': 6.05}, {'text': 'makes me really special', 'start': 156.87, 'duration': 3.38}]"
LIJW,naR22_eQ9zw,"[4, 6, 14]",
5eJW,nblzx_lBPRI,"[3, 6]",
rRJW,,"[159, 1686]",
jWJW,aLTKeHabQOE,[6],
AWJW,aQ2pt5rZ9jM,"[0, 1, 357, 372]",
EnJW,hZ2kxrCYhLI,"[11, 20, 22, 29, 32, 173, 406, 892]","[{'text': 'welcome back to tahoe corley television', 'start': 5.029, 'duration': 4.181}, {'text': ""i'm mark st let's get ready as we go"", 'start': 7.319, 'duration': 6.001}, {'text': ""chef to chef now let's get cooking with"", 'start': 9.21, 'duration': 5.79}, {'text': ""award-winning chef and moody's"", 'start': 13.32, 'duration': 7.5}, {'text': ""proprietor mark st we're downtown baby"", 'start': 15.0, 'duration': 7.859}, {'text': 'where the color is blue and action is', 'start': 20.82, 'duration': 5.01}, {'text': 'always hot this is a place montbleu the', 'start': 22.859, 'duration': 4.561}, {'text': ""summit of Metro's fast this place"", 'start': 25.83, 'duration': 3.15}, {'text': ""screams that South Lake Tahoe's back"", 'start': 27.42, 'duration': 3.99}, {'text': 'here unbelievable gaming and nightlife', 'start': 28.98, 'duration': 3.989}, {'text': 'mingle with the elbow of beauty of Lake', 'start': 31.41, 'duration': 5.52}, {'text': 'Tahoe speaking of beauty Olay well this', 'start': 32.969, 'duration': 5.401}, {'text': ""flash is making me hungry let's go in"", 'start': 36.93, 'duration': 4.83}, {'text': ""the kitchen see what's cooking we're"", 'start': 38.37, 'duration': 4.59}, {'text': 'here to see our steak and chop off', 'start': 41.76, 'duration': 3.27}, {'text': 'executive chef Bradley nuff Bradley what', 'start': 42.96, 'duration': 3.54}, {'text': 'are we gonna cook today our signature', 'start': 45.03, 'duration': 3.689}, {'text': ""long bone 32 ounce ribeye where's the"", 'start': 46.5, 'duration': 4.559}, {'text': 'beef gorgeous cut of meat what would', 'start': 48.719, 'duration': 4.651}, {'text': ""this be cut from it's cut from a 103 so"", 'start': 51.059, 'duration': 3.361}, {'text': 'you can just tell your butcher that and', 'start': 53.37, 'duration': 2.22}, {'text': 'they should have no problem give it for', 'start': 54.42, 'duration': 2.549}, {'text': ""you it's already has a little bit of"", 'start': 55.59, 'duration': 2.76}, {'text': 'fresh oil on a little bit olive oil on', 'start': 56.969, 'duration': 2.701}, {'text': ""it we're gonna season it what will use"", 'start': 58.35, 'duration': 2.549}, {'text': ""the nearest kosher salt it's really"", 'start': 59.67, 'duration': 2.939}, {'text': 'natural flavor to it so if you have I', 'start': 60.899, 'duration': 3.571}, {'text': ""deny salt at home throw it away I'm"", 'start': 62.609, 'duration': 3.361}, {'text': 'gonna use an awful lot of salt to season', 'start': 64.47, 'duration': 3.45}, {'text': 'it through every bite and always fresh', 'start': 65.97, 'duration': 3.87}, {'text': 'cracked pepper absolutely now maybe give', 'start': 67.92, 'duration': 2.879}, {'text': 'you how to show us how these make these', 'start': 69.84, 'duration': 2.49}, {'text': 'beautiful trick grill marks Bradley huh', 'start': 70.799, 'duration': 3.39}, {'text': ""so we're gonna start with the bone"", 'start': 72.33, 'duration': 3.75}, {'text': 'pointing one way and then when we go to', 'start': 74.189, 'duration': 3.481}, {'text': ""flip the steak we're going to point the"", 'start': 76.08, 'duration': 3.53}, {'text': 'bone 90 degrees this is dry aged', 'start': 77.67, 'duration': 4.8}, {'text': 'Midwestern corn-fed beef yes it is a CA', 'start': 79.61, 'duration': 4.63}, {'text': 'be certified angus being on the bone', 'start': 82.47, 'duration': 3.899}, {'text': 'actually gives the the beat more flavor', 'start': 84.24, 'duration': 4.35}, {'text': ""we're actually going to do Diane so it's"", 'start': 86.369, 'duration': 3.511}, {'text': 'very simple throw with a little bit of', 'start': 88.59, 'duration': 3.3}, {'text': ""olive oil find minced shallots I'm just"", 'start': 89.88, 'duration': 3.15}, {'text': ""going to start that out let's hear a"", 'start': 91.89, 'duration': 2.43}, {'text': 'little bit we want to caramelize the', 'start': 93.03, 'duration': 3.72}, {'text': ""onions and caramelize the garlic it's"", 'start': 94.32, 'duration': 4.049}, {'text': 'gonna go right great with the deep rich', 'start': 96.75, 'duration': 3.06}, {'text': ""flavor the Demi gloss we're going to use"", 'start': 98.369, 'duration': 2.61}, {'text': ""that's actually the base of this sauce"", 'start': 99.81, 'duration': 3.72}, {'text': 'is a demi the cremini xin the shitake is', 'start': 100.979, 'duration': 3.841}, {'text': 'give it a lot more flavor than just a', 'start': 103.53, 'duration': 3.659}, {'text': 'regular domestic button mushrooms now', 'start': 104.82, 'duration': 3.479}, {'text': ""I'm going to add some salt to this"", 'start': 107.189, 'duration': 2.341}, {'text': ""mixture it's actually going to draw a"", 'start': 108.299, 'duration': 2.311}, {'text': 'little bit of moisture out of the', 'start': 109.53, 'duration': 2.85}, {'text': 'mushrooms help them caramelizing a', 'start': 110.61, 'duration': 2.37}, {'text': 'little better', 'start': 112.38, 'duration': 2.04}, {'text': ""if you're just adding salt at the end"", 'start': 112.98, 'duration': 3.0}, {'text': ""you're missing the whole boat of later"", 'start': 114.42, 'duration': 2.79}, {'text': ""in your flavors they're going to add"", 'start': 115.98, 'duration': 5.25}, {'text': ""some red wine here so what he's doing"", 'start': 117.21, 'duration': 5.79}, {'text': 'now this is called deglazing well what', 'start': 121.23, 'duration': 2.88}, {'text': ""that means is we're pulling all the"", 'start': 123.0, 'duration': 3.15}, {'text': ""flavors and all they're all upon that's"", 'start': 124.11, 'duration': 3.6}, {'text': 'at the bottom of the pan we have that', 'start': 126.15, 'duration': 3.36}, {'text': 'wine to kind of clean the bottom Japan', 'start': 127.71, 'duration': 3.39}, {'text': 'and adds a flavor back into the sauce', 'start': 129.51, 'duration': 3.27}, {'text': ""I'm add a little bit of mustard powder"", 'start': 131.1, 'duration': 3.06}, {'text': ""this it's going to give it a little one"", 'start': 132.78, 'duration': 2.64}, {'text': 'of those other layers of flavor that', 'start': 134.16, 'duration': 3.0}, {'text': 'mark was talking about so just give it a', 'start': 135.42, 'duration': 3.51}, {'text': ""little bit of Tang eNOS to it it's kind"", 'start': 137.16, 'duration': 3.54}, {'text': 'of a traditional thing to add to it so', 'start': 138.93, 'duration': 3.18}, {'text': 'when it dries out almost all the way', 'start': 140.7, 'duration': 2.94}, {'text': ""it's going to cook out all the alcohol"", 'start': 142.11, 'duration': 3.66}, {'text': ""for the wine it's going to leave behind"", 'start': 143.64, 'duration': 3.69}, {'text': 'it all the flavor and all the richness', 'start': 145.77, 'duration': 3.93}, {'text': ""from the red wine and that's called"", 'start': 147.33, 'duration': 4.05}, {'text': ""reducing and all that is it's a way to"", 'start': 149.7, 'duration': 3.42}, {'text': 'simplify the term if he had a four', 'start': 151.38, 'duration': 4.05}, {'text': 'ounces of wine in there it cooks it goes', 'start': 153.12, 'duration': 4.47}, {'text': ""about one ounce left so it's reduced and"", 'start': 155.43, 'duration': 4.26}, {'text': 'then this is just Demi gloss so this is', 'start': 157.59, 'duration': 4.71}, {'text': 'a sauce we make in-house once I add that', 'start': 159.69, 'duration': 3.93}, {'text': ""I'm going to reduce that again a little"", 'start': 162.3, 'duration': 2.67}, {'text': 'bit more if you want to really thick', 'start': 163.62, 'duration': 3.93}, {'text': 'rich sauce we focus on the sauces that', 'start': 164.97, 'duration': 4.44}, {'text': 'go with the meat as opposed to a lot of', 'start': 167.55, 'duration': 3.36}, {'text': 'Mara nations since this takes about a', 'start': 169.41, 'duration': 3.3}, {'text': 'half hour to cook on your grill you did', 'start': 170.91, 'duration': 3.45}, {'text': 'one up a little bit fast we can see it', 'start': 172.71, 'duration': 3.21}, {'text': ""you can see it's nice and kicking almost"", 'start': 174.36, 'duration': 5.49}, {'text': 'syrupy lost look at them oh my god', 'start': 175.92, 'duration': 5.94}, {'text': 'describe data more than words that they', 'start': 179.85, 'duration': 3.24}, {'text': ""can do and it's just a little bit of"", 'start': 181.86, 'duration': 2.34}, {'text': 'micro greens for color on the back of', 'start': 183.09, 'duration': 3.15}, {'text': 'the plate to offset some of that Brown', 'start': 184.2, 'duration': 4.08}, {'text': 'that we have there again a classic', 'start': 186.24, 'duration': 3.42}, {'text': 'Steakhouse garnets really just all you', 'start': 188.28, 'duration': 2.61}, {'text': 'look at his feet and sauce on the plate', 'start': 189.66, 'duration': 2.79}, {'text': 'and you have a beautiful array of size', 'start': 190.89, 'duration': 4.58}, {'text': 'solder nice work really nice', 'start': 192.45, 'duration': 5.0}, {'text': 'here at CR steak and chop off they do', 'start': 195.47, 'duration': 3.48}, {'text': 'things a little different like spell', 'start': 197.45, 'duration': 3.39}, {'text': ""Sierra with a see it's a chef-driven"", 'start': 198.95, 'duration': 3.36}, {'text': 'menu with a new spin on traditional', 'start': 200.84, 'duration': 3.66}, {'text': 'steakhouse cuisine and this is one of', 'start': 202.31, 'duration': 4.14}, {'text': 'several fun places to hang at the mont', 'start': 204.5, 'duration': 5.22}, {'text': 'bleu resort casino while the steak is', 'start': 206.45, 'duration': 5.34}, {'text': 'making my mouth water all the recipes', 'start': 209.72, 'duration': 3.42}, {'text': ""you've seen today are available at Tahoe"", 'start': 211.79, 'duration': 5.12}, {'text': ""quarterly com let's go find Dave"", 'start': 213.14, 'duration': 3.77}]"
LFJW,haG1EfreI7k,"[0, 1, 5, 613, 738, 983, 1149, 1581, 1718]",
xkJW,w4TA4KwKKpk,[2434],"[{'text': 'who has the best hair on tour who has', 'start': 0.0, 'duration': 13.29}, {'text': 'the best hair on tour definitely now', 'start': 10.62, 'duration': 4.83}, {'text': 'Casey Jennings has the best air on tour', 'start': 13.29, 'duration': 6.14}, {'text': 'but like just some dance tournament here', 'start': 15.45, 'duration': 9.8}, {'text': 'I like many gasps marvelous hair', 'start': 19.43, 'duration': 10.419}, {'text': ""probably Casey it's he's the most"", 'start': 25.25, 'duration': 7.3}, {'text': 'distinguishable hair on tour at least a', 'start': 29.849, 'duration': 4.71}, {'text': 'best hair on tour absolutely my partner', 'start': 32.55, 'duration': 3.0}, {'text': 'Phil Bell Hauser', 'start': 34.559, 'duration': 4.891}, {'text': 'no question as far as hair goes I think', 'start': 35.55, 'duration': 5.79}, {'text': ""I'm kind of dominating it feels like I'm"", 'start': 39.45, 'duration': 3.48}, {'text': 'kind of nominating myself to everything', 'start': 41.34, 'duration': 3.18}, {'text': ""but you're kind of setting me up for"", 'start': 42.93, 'duration': 4.83}, {'text': ""that some guys say Casey Patterson he's"", 'start': 44.52, 'duration': 6.12}, {'text': ""got some solid air but I'm just gonna go"", 'start': 47.76, 'duration': 6.45}, {'text': ""with the old-school polish Marius he's"", 'start': 50.64, 'duration': 5.64}, {'text': 'got the you know the basically Paul', 'start': 54.21, 'duration': 4.38}, {'text': 'Mitchell suave hair who was the best', 'start': 56.28, 'duration': 7.89}, {'text': ""hair on tour that's Lion King he plays"", 'start': 58.59, 'duration': 7.41}, {'text': 'for Latvia Alex', 'start': 64.17, 'duration': 5.94}, {'text': ""samoylov yes yes he and I we say we're"", 'start': 66.0, 'duration': 6.96}, {'text': 'hair twins so I feel like me saying he', 'start': 70.11, 'duration': 6.54}, {'text': 'has the best hair on tour is a little a', 'start': 72.96, 'duration': 5.61}, {'text': ""little self compliment they're under the"", 'start': 76.65, 'duration': 4.8}, {'text': 'radar no does it have to be Jacob the', 'start': 78.57, 'duration': 4.95}, {'text': 'power alleys are on fire who has the', 'start': 81.45, 'duration': 5.19}, {'text': ""best hair on tour I'm sure everyone said"", 'start': 83.52, 'duration': 9.209}, {'text': 'Casey Casey Patterson Patterson everyone', 'start': 86.64, 'duration': 7.71}, {'text': 'but Rosie can you guess who Rosie said', 'start': 92.729, 'duration': 7.53}, {'text': 'had the best hair I assure you my back', 'start': 94.35, 'duration': 9.089}, {'text': 'hair is pretty pretty strong what is the', 'start': 100.259, 'duration': 4.89}, {'text': 'one app on your phone that you cannot', 'start': 103.439, 'duration': 2.22}, {'text': 'live without', 'start': 105.149, 'duration': 3.271}, {'text': 'oh my gosh Spotify for sure Spotify I', 'start': 105.659, 'duration': 5.161}, {'text': ""pay the $10 every month because it's"", 'start': 108.42, 'duration': 4.949}, {'text': ""worth it I'm a music guy so I I love"", 'start': 110.82, 'duration': 5.64}, {'text': 'Spotify gotta have that heads up heads', 'start': 113.369, 'duration': 4.591}, {'text': 'up what is that oh my gosh we should', 'start': 116.46, 'duration': 2.939}, {'text': ""play it right now actually it's the best"", 'start': 117.96, 'duration': 1.979}, {'text': 'game ever', 'start': 119.399, 'duration': 2.311}, {'text': ""it's like Ellen DeGeneres made this game"", 'start': 119.939, 'duration': 3.36}, {'text': 'you know what we should play it we', 'start': 121.71, 'duration': 3.81}, {'text': 'should play it it heads up is kind of', 'start': 123.299, 'duration': 2.971}, {'text': 'like charades', 'start': 125.52, 'duration': 3.359}, {'text': ""okay um there will be a category and I'm"", 'start': 126.27, 'duration': 3.93}, {'text': 'gonna hold the phone up', 'start': 128.879, 'duration': 3.031}, {'text': ""and there's gonna be a word on the"", 'start': 130.2, 'duration': 3.75}, {'text': ""screen okay and you're gonna have to act"", 'start': 131.91, 'duration': 3.6}, {'text': ""it out or describe it to me and I'm"", 'start': 133.95, 'duration': 2.73}, {'text': ""gonna have to guess it I can't see what"", 'start': 135.51, 'duration': 4.97}, {'text': ""it is and you can't say the word okay"", 'start': 136.68, 'duration': 3.8}, {'text': ""it's a shark okay there oh it's a fish"", 'start': 145.37, 'duration': 14.94}, {'text': ""gerbil you're really good at this frog"", 'start': 174.26, 'duration': 12.729}, {'text': ""but it's cute it's super frog Oh porn"", 'start': 181.41, 'duration': 12.24}, {'text': 'frog horn toad lizard dragon Oh what app', 'start': 186.989, 'duration': 11.0}, {'text': 'on your phone can you not live without', 'start': 193.65, 'duration': 4.339}, {'text': 'yes besides those two evil apples what', 'start': 202.67, 'duration': 7.51}, {'text': ""what is this oh it's a dirty game like"", 'start': 207.15, 'duration': 5.339}, {'text': 'all the girls on tour all the USA girls', 'start': 210.18, 'duration': 4.35}, {'text': ""when we're traveling we all sit in our"", 'start': 212.489, 'duration': 3.481}, {'text': 'rooms at night and plate Yuval apples', 'start': 214.53, 'duration': 5.1}, {'text': 'together can you explain a little or is', 'start': 215.97, 'duration': 7.23}, {'text': 'it too risque I have find my friends', 'start': 219.63, 'duration': 5.579}, {'text': 'which I use for like my parents and', 'start': 223.2, 'duration': 4.08}, {'text': 'stuff so they can interact where I am in', 'start': 225.209, 'duration': 5.03}, {'text': 'Toronto they could they can find out', 'start': 227.28, 'duration': 5.94}, {'text': 'which bar their daughter is out at at', 'start': 230.239, 'duration': 5.47}, {'text': ""2:00 in the morning but it's actually"", 'start': 233.22, 'duration': 4.079}, {'text': ""fine because it's like I can see where"", 'start': 235.709, 'duration': 2.971}, {'text': ""they are in Winnipeg and then if I'm"", 'start': 237.299, 'duration': 3.541}, {'text': 'ever like lonely or something in Toronto', 'start': 238.68, 'duration': 3.839}, {'text': ""I can see where they are so that's"", 'start': 240.84, 'duration': 4.769}, {'text': ""that's gonna be what's that for sure to"", 'start': 242.519, 'duration': 5.071}, {'text': 'have contact with all friends and family', 'start': 245.609, 'duration': 3.391}, {'text': 'from home and all over the world', 'start': 247.59, 'duration': 4.049}, {'text': ""actually from the tour and it's I just"", 'start': 249.0, 'duration': 3.38}, {'text': 'love this', 'start': 251.639, 'duration': 2.591}, {'text': 'I always have the contact and', 'start': 252.38, 'duration': 5.13}, {'text': 'communicate well and send pictures and', 'start': 254.23, 'duration': 5.17}, {'text': 'videos and how do you feel now and like', 'start': 257.51, 'duration': 2.85}, {'text': ""it's really nice"", 'start': 259.4, 'duration': 2.88}, {'text': 'without this nothing further actually', 'start': 260.36, 'duration': 3.57}, {'text': 'yeah last week and tried I and my phone', 'start': 262.28, 'duration': 4.2}, {'text': 'was broken I was so sad this whole week', 'start': 263.93, 'duration': 5.16}, {'text': ""no I wasn't dating so I was so said the"", 'start': 266.48, 'duration': 3.45}, {'text': ""whole week because I couldn't"", 'start': 269.09, 'duration': 2.04}, {'text': 'communicate with all my friends and', 'start': 269.93, 'duration': 1.59}, {'text': 'family', 'start': 271.13, 'duration': 3.87}, {'text': 'yeah must be rough what is the app on', 'start': 271.52, 'duration': 7.61}, {'text': 'your phone that you cannot live without', 'start': 275.0, 'duration': 4.13}, {'text': 'do you have a phone that can install', 'start': 282.85, 'duration': 6.19}, {'text': 'applications are you rocking a Motorola', 'start': 285.2, 'duration': 6.93}, {'text': 'RAZR Instagram for sure yeah Instagram', 'start': 289.04, 'duration': 6.15}, {'text': 'how many how many how many photos do you', 'start': 292.13, 'duration': 5.07}, {'text': 'post a day are you a constant or you', 'start': 295.19, 'duration': 4.83}, {'text': 'keep it one per day I I limit myself to', 'start': 297.2, 'duration': 5.31}, {'text': ""one per day unless I'm feeling extra you"", 'start': 300.02, 'duration': 6.33}, {'text': ""know Grammy you know what I'm really"", 'start': 302.51, 'duration': 6.21}, {'text': 'into fantasy football so probably my my', 'start': 306.35, 'duration': 4.14}, {'text': 'NFL fantasy and my Yahoo fantasy', 'start': 308.72, 'duration': 4.59}, {'text': 'football apps that would be devastated', 'start': 310.49, 'duration': 3.36}, {'text': 'without him', 'start': 313.31, 'duration': 2.64}, {'text': 'are you any keepers League I am actually', 'start': 313.85, 'duration': 4.44}, {'text': ""yeah we're your keepers this year I've"", 'start': 315.95, 'duration': 4.89}, {'text': 'got Percy Harvin excellent Russell', 'start': 318.29, 'duration': 5.13}, {'text': 'Wilson and then Shane Vereen but I', 'start': 320.84, 'duration': 4.23}, {'text': ""probably you know he's he's kind of more"", 'start': 323.42, 'duration': 4.47}, {'text': ""of a scat back so yeah all right I'm"", 'start': 325.07, 'duration': 5.01}, {'text': 'keeping Arian Foster hurt me a lot last', 'start': 327.89, 'duration': 4.98}, {'text': 'year getting injured you yeah kill me', 'start': 330.08, 'duration': 5.28}, {'text': ""recently we've gotten into a game called"", 'start': 332.87, 'duration': 5.4}, {'text': 'clash of clans and we actually have a', 'start': 335.36, 'duration': 6.57}, {'text': 'volley clan which has which started with', 'start': 338.27, 'duration': 7.05}, {'text': ""Sean and I'm Ben and came from Canada"", 'start': 341.93, 'duration': 7.86}, {'text': ""and Nick and avatar I'm from the US and"", 'start': 345.32, 'duration': 9.0}, {'text': ""now it's gotten to 40 plus guys we have"", 'start': 349.79, 'duration': 8.87}, {'text': 'the Dutch the Polish guys one Brazilian', 'start': 354.32, 'duration': 7.53}, {'text': 'a lot of Canadians and a lot and', 'start': 358.66, 'duration': 6.7}, {'text': 'basically all the Americans right now', 'start': 361.85, 'duration': 5.91}, {'text': ""it's clash of clans we've been hearing"", 'start': 365.36, 'duration': 4.53}, {'text': 'about this because we got a big ball a', 'start': 367.76, 'duration': 4.68}, {'text': ""clan going and it's actually pretty"", 'start': 369.89, 'duration': 3.7}, {'text': 'funny cuz', 'start': 372.44, 'duration': 3.52}, {'text': ""you know I'm talking to my girlfriend on"", 'start': 373.59, 'duration': 4.68}, {'text': ""the Skype or whatever we'll hear"", 'start': 375.96, 'duration': 3.53}, {'text': 'obviously in person', 'start': 378.27, 'duration': 3.63}, {'text': ""it's like it's your clash of clans in on"", 'start': 379.49, 'duration': 4.24}, {'text': 'the road cuz when you come home you got', 'start': 381.9, 'duration': 4.23}, {'text': 'to love us and not not do that alright', 'start': 383.73, 'duration': 6.06}, {'text': 'yeah thing is is you could spend real', 'start': 386.13, 'duration': 7.71}, {'text': 'money on the game and a couple guys and', 'start': 389.79, 'duration': 6.18}, {'text': ""the clan have spent real money I'm not"", 'start': 393.84, 'duration': 4.92}, {'text': 'gonna point any fingers but so that kind', 'start': 395.97, 'duration': 4.53}, {'text': 'of gets you a little farther ahead', 'start': 398.76, 'duration': 4.29}, {'text': 'quicker putting those fiv be earnings to', 'start': 400.5, 'duration': 4.59}, {'text': ""good use it one app on my phone I can't"", 'start': 403.05, 'duration': 5.67}, {'text': ""live without there's a lot of them all"", 'start': 405.09, 'duration': 4.98}, {'text': 'my photo editing apps', 'start': 408.72, 'duration': 4.56}, {'text': ""I love camera plus probably couldn't"", 'start': 410.07, 'duration': 5.22}, {'text': ""live without that but then that's for"", 'start': 413.28, 'duration': 3.6}, {'text': ""Instagram I can't live without Instagram"", 'start': 415.29, 'duration': 3.48}, {'text': 'either I have a baby phone that it', 'start': 416.88, 'duration': 6.95}, {'text': ""doesn't have apps I know"", 'start': 418.77, 'duration': 7.95}, {'text': ""so Facebook and Instagram it's or apps"", 'start': 423.83, 'duration': 6.7}, {'text': 'right so I think now Facebook alrighty', 'start': 426.72, 'duration': 7.07}, {'text': ""and then we'll go back to"", 'start': 430.53, 'duration': 3.26}]"
6nJW,-tAXjjCi41k,[1028],
ESJW,-wG3kj51xs8,[3],
hfJW,8U9WIHovqqw,[4],
a4JW,DmwszmI-sRg,"[2, 17, 30, 196, 942]",
52JW,DtYCXmYpfH0,[5],
tYJW,Jk7p_edE4rE,"[17, 19, 448]",
d1JW,ZQ0uOZ8a8g8,"[2, 7, 95, 1014]",
CEJW,ThPlzZSKQn4,"[210, 333]",
ioJW,TkJ-rR_YJtg,"[0, 1, 478, 3369]",
L2JW,Too7arridKk,"[0, 27, 695, 1279]",
USJW,Tvc2UDObkJY,"[3, 4, 10]",
U3JW,vjrkEmnivo0,"[3, 4, 9, 10, 13, 54, 970]",
FcJW,ux4UsLaPPPM,"[0, 1, 25, 35, 285, 1176, 1341, 1414]",
