0bMc,owwkqQBkyCE,"[0, 1, 5, 69, 378]"
v5Mc,ebgVRWbJ9NE,"[375, 420, 1664]"
e4Mc,ec3fODxNrBs,"[0, 765]"
iqMc,eek3qv1LikM,"[53, 58, 151, 228]"
XBMc,efLorgJf10o,[1409]
JvMc,,[8]
kUMc,efi8yTWQGPo,"[0, 5, 16, 1448, 2699]"
KBMc,ehvK8t29_ws,[89]
fYMc,EP08izLsX0I,[3]
8oMc,LKgF9eYfGCQ,"[3, 4, 13, 54]"
LkMc,EzoGIws_DNE,"[0, 27]"
lPMc,EzznGZhvJJQ,[1507]
mhMc,oaTTu_zoXo0,"[9, 10]"
LEMc,obLhvmvwETM,[242]
SLMc,ocVmGHbbYp4,[14]
A2Mc,nFnsiuRLBbY,"[2, 7, 30]"
vPMc,,[3]
rZMc,kNv5Cm_2ah4,"[0, 1, 3316]"
IMMc,kPUJn2e0Zn8,"[11, 1126]"
O8Mc,kQ1vT9X-AJM,"[3, 3412]"
7jMc,GIJlCPOsJpE,[12]
DeMc,GKy0k8uvUhE,"[239, 277, 789, 866]"
82Mc,GL5VtvXycZs,"[15, 18, 67, 796, 1711]"
bMMc,-SUZDH8tnS0,"[0, 241]"
spMc,whTflrO65jQ,"[28, 33, 38, 78, 86, 257]"
V7Mc,,"[17, 19, 55, 1073]"
6wMc,wmNjxjUUSvo,"[26, 370, 526, 817, 898, 978]"
KgMc,mZqXgyfEW40,"[0, 1, 2123, 3240]"
iZMc,mJFqEL35Nqs,[3]
AkMc,mJ_ax-SalOM,[8]
Z2Mc,mLMI_bvKwmI,"[9, 34]"
tSMc,mNZh5v7l6gk,"[0, 241]"
ZKMc,mOk6BWdnfTY,"[5, 2548]"
DBMc,FK70_HqF3fQ,"[5, 16]"
DJMc,88IBzwPmNZw,"[3, 4, 6, 10, 47]"
oIMc,8BlODoHLI5w,[27]
ueMc,8D3RPuzGpTM,"[0, 1, 81, 108, 615]"
MvMc,8EyzQefKd3w,[551]
diMc,8EMkkVj_xQ4,"[17, 19]"
PdMc,8H1NciqAqM4,"[26, 259]"
0lMc,jbBz4ksIsRM,"[3, 6]"
BHMc,jdL7EzkoNEQ,"[2, 30, 252, 3411]"
2XMc,zw0fZ4LzYb8,"[31, 40, 47, 57, 117]"
ShMc,bkITMWx9xS0,"[0, 1, 36, 94, 147]"
meMc,bk8Ng_QIgno,"[31, 40, 47]"
YKMc,bkC4RKwfeqQ,"[31, 40, 47, 57]"
t4Mc,bqMTi_xtjms,"[2, 7]"
jSMc,bsnJBKYK4gk,"[3, 4]"
X7Mc,bsXIbE2DHn0,"[313, 347]"
6kMc,WVpa0ctaN_U,[89]
doMc,We6DHAAaFCU,"[0, 1, 42, 863, 2908]"
iCMc,SCO3yVuF-YI,"[60, 353, 673]"
MNMc,,"[60, 101, 419, 823, 1824]"
26Mc,tHnpUTtynwI,"[88, 364]"
hmMc,YxKx3BmKszU,[12]
OjMc,lIfG-2PPaBE,"[5, 16]"
QYMc,lK019mYaL_E,"[2, 17, 19, 30, 55, 1166]"
59Mc,lOcIJa2T-tI,[3]
2SMc,XgWsHIVw_Xc,"[0, 1]"
5wMc,Xg46Ojw1oBg,[195]
2hMc,-X-m3o1mrLs,"[5, 16]"
9GMc,N8mPdY65LBo,[14]
oCMc,rOXBtbsedlo,[358]
i2Mc,qOB0WOI2G0w,"[182, 392, 634]"
x8Mc,qVGQlooTcSE,[25]
PqMc,qXpJg_-U8mk,"[1, 157, 561, 681, 737, 1804]"
8SMc,,"[0, 1, 63, 335]"
3DMc,,[0]
jZMc,eOrtw2JNUuY,[50]
FaMc,Rzs-StMpnAs,[50]
rYMc,WQbbhc34OfI,"[9, 10, 34, 37]"
BlMc,WSw6auRrfb8,"[2, 7, 198, 1959]"
eXMc,5-WrCahTs04,"[0, 12, 79]"
YlMc,uFm3yYefo1s,"[39, 121, 156, 202, 207, 233, 338, 529]"
UhMc,ae1U6OhGDDQ,"[401, 1105, 1305]"
rTMc,cnUuFFau9NE,"[0, 261]"
J9Mc,cuFWu7-l5BQ,"[760, 788]"
anMc,_3bIGVFuKLM,"[31, 40, 57, 117]"
myMc,_8BA4SxdQxM,"[2, 109, 145]"
hVMc,,"[14, 61, 89]"
6DMc,KGoul2cgui4,"[17, 19]"
byMc,6MCOLRtYeAI,[0]
aFMc,,"[0, 1, 5]"
RPMc,s-Dp9w5bRZA,"[3, 6]"
nMMc,,"[0, 1, 69, 417, 784]"
aPMc,poSoKHtU6A4,[61]
7UMc,rbNNXgW6brA,"[0, 765, 1092, 1175]"
GXMc,rcKJwzc1nDc,"[188, 585]"
7aMc,re7CS0R1tII,"[71, 152]"
fuMc,,"[0, 1, 447, 893]"
tQMc,T3Xpw160Xto,"[5, 16]"
0pMc,t8AWcMBIJwQ,"[0, 1, 828]"
ksMc,t964TJn5Elo,"[3, 4]"
91Mc,tAjjnwgvDQc,"[68, 72, 98]"
mFMc,tBVxEzGLqt8,[910]
1mMc,a4kngIq4k4Q,"[2, 7, 224, 267, 1383]"
duMc,a5EwWHKz1rM,"[4, 9, 10, 37]"
VbMc,nUUWAvcqSEM,"[4, 9, 10, 34]"
yBMc,nWm94kfAhBs,[11]
u6Mc,KS57z4p5XsU,"[17, 19, 443]"
H4Mc,QQx4K-B1E2Y,[25]
kuMc,QRhEIS8_npY,"[15, 18, 67, 1756]"
NeMc,QShAaSWslnw,"[0, 1, 193]"
0qMc,QVemB9_lQVc,[6]
aNMc,QWFMEARVdB4,"[0, 1, 738, 872]"
7XMc,QWeEYVNItI4,"[9, 10, 34]"
ByMc,4tKkgJ1sv88,"[3, 4, 6, 14, 28, 33, 38]"
YOMc,kCT7pzxjb-c,[4]
mSMc,y_gbwCInFNE,"[0, 12]"
W7Mc,yajn-uvWISw,[8]
Z6Mc,ybo_1B1SZ2I,[25]
bnMc,ygoXwKQT5Hw,"[4, 6, 8, 13]"
vIMc,uMRZ1pYRJtU,[261]
PoMc,uNa--Fr454Y,"[16, 25, 99]"
nbMc,uQQ0qWrJP6Y,[1283]
bLMc,uStgLNt0VxM,"[0, 1]"
EtMc,BliSpeNRxAY,[127]
mMMc,iuKQcHN4IkA,"[16, 25, 136]"
omMc,j1_97hBLrDI,[39]
RjMc,XeyvdoAqKF4,"[62, 1408]"
SpMc,Xef1rdsmQPY,"[14, 159, 2349]"
0hMc,BvopQJxE7T8,"[8, 812]"
CZMc,BwzsbYwLpIs,"[31, 47, 57]"
rfMc,C-444sRS938,"[1114, 2991]"
S3Mc,oiw7YDa8fwE,"[5, 327, 587, 967]"
XpMc,,[3560]
jLMc,oiTetUjmCfg,"[106, 2984]"
V5Mc,ykXcI0JyqSA,"[341, 420, 899, 1977]"
HfMc,yqpeOEYdDuc,[111]
YvMc,yrrLwezlJ5k,[3]
qIMc,B2XJR10gZA8,"[26, 130, 636]"
pFMc,B5xerlgN5dY,[12]
LeMc,B5lhYhmUAwA,"[0, 1, 5, 822, 2188, 2496]"
FAMc,FPoRTF1meqk,"[159, 2360]"
TLMc,FS2lGcSYSPU,"[0, 1, 1071]"
SYMc,FSmAZX288Wc,"[2, 7, 165, 196, 373, 1368]"
ZgMc,p0344i9mwBM,"[1093, 1365]"
jTMc,pAZJztf-dHc,[39]
UWMc,00UdUKjtbvE,"[3, 675]"
2rMc,01Xab7LLxnI,"[5, 144, 190]"
tYMc,lGX2a_bjjOU,"[17, 19]"
4zMc,oP6KDQhKAVg,"[0, 52, 70]"
kKMc,oPX9ZxcD3LA,"[2, 7, 495, 710]"
xrMc,oQheBxUjPCE,"[18, 43, 59, 60, 101, 286]"
B1Mc,oR_pvxR2RIk,"[0, 1, 35]"
ucMc,oSRwdQQVoLA,"[217, 600]"
IIMc,ObVOegfgQcg,"[5, 662]"
mRMc,wKok0ANDr80,"[0, 1, 591, 761, 2508]"
vMMc,wKp6BEQFH24,[105]
MMMc,9TS1XPA2hVM,"[2, 17, 30, 143, 340]"
pRMc,9T9_0ct6Br4,[944]
G1Mc,h3XPdCp-sRo,[46]
unMc,IM86ESVgs8M,"[0, 1, 35, 285, 904]"
YzMc,IM8OE8uB9dA,"[0, 695]"
RUMc,INlwKOBi7u8,"[13, 54, 168]"
M2Mc,IODDTTECMjc,"[0, 1, 36, 367]"
vlMc,xCJuDWS-7uc,"[4, 9, 10, 37]"
1IMc,0dPxmvpFpdw,"[28, 33, 38, 78, 86, 553]"
KqMc,tbeAbnS8L3A,[12]
NAMc,4vlImfXTgng,"[11, 368, 969, 1766]"
w7Mc,vSdka5chVCI,"[0, 12]"
QOMc,SPXv_Wlrf5M,"[66, 557, 1286]"
DXMc,05TYnf2jjpU,"[0, 52, 70, 125]"
gZMc,07j-g5KRH2s,"[2, 706]"
6oMc,emnUZEwVe9g,"[215, 217, 401, 1019, 1105, 2404]"
llMc,eo1DMe0JbxA,"[21, 23, 24, 73, 209, 288, 322]"
rkMc,,"[2, 7, 116, 165, 235]"
drMc,0lkZr6-eLj8,"[3, 4, 10, 31, 47, 97, 243]"
GCMc,Ny40TUY6-FY,"[0, 1, 69, 417, 1304]"
jQMc,xZyXqHqDsJ0,"[6, 8]"
NjMc,xgCHOkQjBW0,[39]
VzMc,c6rw_QgoDEY,"[0, 27]"
OfMc,cA-xkkOAaGU,[2]
JwMc,rTrLWGQDB0Q,"[5, 49, 80]"
DTMc,rT1HXcRoTj8,"[66, 148, 253, 271]"
s5Mc,rWI7whyOD5U,"[0, 1, 36, 367]"
Z8Mc,rXWmZVd0bPE,"[0, 1, 489, 776, 936, 1063, 3207]"
y6Mc,rYiSSYRx8bw,"[4, 10, 13, 31, 54, 97, 243, 278]"
HQMc,rZax5JcpxbU,"[21, 23, 24, 2019]"
eWMc,BUQ2lJbyHUA,[1510]
5PMc,,"[49, 127, 277, 418, 2046, 2085, 3273]"
6JMc,oCz7Xwr6zqg,"[66, 953]"
MwMc,oGjfD4UUJEU,"[0, 1, 223, 323]"
2DMc,QxM2A5bqixs,"[21, 23, 24, 73, 504]"
IRMc,R-sO4AjAwh8,"[3, 4, 6, 9, 10, 539]"
gjMc,R26qn63vVhk,"[5, 150, 204]"
o4Mc,SgspPjW8SUw,"[24, 31, 40, 74, 131, 209]"
NDMc,SkcgHjsX3H8,[5]
gOMc,CtlSdrgi0Jo,"[2, 7, 90, 711, 2932]"
bhMc,sZV--r7gxMg,"[15, 861, 1044]"
HnMc,AmyXOQgP9qI,[14]
bAMc,hD8qtzLiBaM,"[16, 199]"
s6Mc,hHOQKgqQ5NU,[3]
r5Mc,hJFS6U8IlGY,"[50, 65]"
DWMc,hM97rD2uLw4,[3]
VkMc,2a_omDTihGI,"[2, 30, 55, 408, 515]"
CFMc,,"[9, 10, 37]"
nkMc,5waggAGTwOA,"[3, 4, 54, 97, 351]"
EwMc,3krvZ8NXt8c,"[50, 65, 256, 927, 998]"
btMc,3siYuzym2AU,"[5, 81, 199]"
GeMc,bhmjjYKla7s,[5]
YAMc,,[8]
EzMc,MM1SmRs4lLY,"[0, 1, 48, 177, 460, 542, 891]"
LaMc,MM4tD422nTQ,[41]
9hMc,MMwu52gtI6E,"[4, 31, 40, 47]"
PRMc,MNnvLIEe5c0,[31]
QQMc,MPQpOHvpvWs,"[0, 1, 150, 204, 853, 1631]"
xcMc,YkfpohGdFqE,"[11, 20, 22, 29, 32, 112]"
79Mc,YmcJpiKTXfU,[1743]
6HMc,Bi2Toa85PCo,[71]
CMMc,IkjMtVWqB2c,"[62, 461, 498, 2598]"
AiMc,IkaaUuQwRZY,[25]
0OMc,f2q9YEnlLTk,"[6, 8]"
02Mc,VW5J3r9ra8A,"[0, 1, 675, 1438]"
00Mc,rt5YQe9pMcw,[3]
piMc,yRWe5d7lbng,"[0, 1, 42, 306]"
VPMc,yU_wxCQcHGU,"[74, 131, 209]"
LYMc,CND2Qp-mIN4,[1518]
LDMc,COuou-gum_g,"[0, 1, 387]"
qcMc,CQ4-Vj7RxR0,"[0, 226, 1426]"
D5Mc,CQ5-d1gBI5U,"[5, 16]"
REMc,i_e17PncTao,[1582]
lXMc,HTBr-ixHpLU,"[2, 30]"
bmMc,IrtN5DubNjk,"[0, 1, 35, 227, 285, 1181, 3803]"
FxMc,s8D2VPWAd3U,"[0, 1, 19, 1146]"
6gMc,093DZ7VTyWQ,[468]
nGMc,JWYGS3zInNY,"[11, 20, 22, 29, 32, 123, 176, 211, 229, 683, 728]"
PrMc,JXZ5IEN0Hak,"[0, 79, 1293]"
niMc,8huoNPv93OA,"[4, 188]"
kcMc,zFImtJhqQsc,"[2, 7, 252, 541, 1616]"
VhMc,zGMfRvvqMGk,"[17, 19, 48, 128, 272]"
M6Mc,zHvp8Abe6eI,"[26, 259]"
maMc,zIojNLx7qkg,"[3, 38]"
AoMc,r0puJ_xEyyw,[191]
mtMc,JHhegmXYj-o,[14]
iWMc,JHMHJkK5Wjk,[106]
25Mc,Dc5l8uTob5s,"[0, 1, 27, 189]"
fAMc,5FUCOdtV_TE,"[0, 1, 42, 111]"
jgMc,5HbYE7K7VIo,"[3, 4, 9, 10]"
i0Mc,5LfCiBojZDI,[61]
hlMc,5Nm1OgO9XJI,"[0, 52]"
3nMc,G1g6lNEbTwA,[17]
WaMc,oZSgiVCkflM,"[13, 54]"
lrMc,o_seDX81arM,"[0, 12]"
BvMc,yHjvMBW2prY,"[5, 84, 2081]"
tpMc,Tc0Pt7ZXsLk,[505]
kLMc,Tgu0c0aAt2U,"[3, 4, 6, 13, 28, 33, 38]"
wfMc,ThUD-U2JPyo,"[2, 7, 1769]"
C0Mc,FcSQL62xW7Q,"[2, 75, 2981]"
ILMc,n8zElGG8bbU,"[53, 58, 2825]"
ZbMc,nD3LczUB_Ig,"[3, 6]"
FiMc,7FNSPpxddvo,[724]
ZsMc,DyQocyAnp2A,"[0, 1, 358, 1091, 3535]"
6pMc,JbxYxo-nK3Q,"[2, 7, 17, 1657]"
HxMc,JgbyLOjmJl0,"[2, 75]"
MaMc,Jl0wtXEQcmU,"[3, 6]"
wzMc,9Yeg10hQREo,"[3, 6]"
P3Mc,9aSEEdgPPAM,"[18, 43, 59, 101, 1685]"
gNMc,,"[0, 12]"
DYMc,Hwsu-GS7RFM,"[74, 131]"
1KMc,HxedRwV4PVA,[14]
cZMc,HyEXDXvtQK4,"[13, 164, 175]"
XeMc,I-bEGgbzhdo,[3378]
ftMc,I-3i8UI4aQY,[484]
dDMc,I192oRG2POA,[201]
pxMc,HoBv1HFXWqk,"[0, 1, 5, 81, 108]"
5yMc,Qp9mJFkFzCs,"[26, 194, 1023, 3677]"
CCMc,R3w9oATu5So,"[0, 1, 69]"
yZMc,R5IX-xYERyw,"[0, 1, 358, 3649]"
B9Mc,R8GMGqyrJuY,"[2, 44, 46, 107, 109, 114, 138, 145, 507, 602, 785]"
BAMc,CTSBLX0LAX0,"[2, 7, 17, 283, 3531]"
qzMc,N57rkTx6iE4,[289]
AqMc,n3gxM8KR6wc,"[0, 1, 1114]"
hEMc,1xpqabFRx-E,"[0, 12]"
6uMc,9GRLchgrjO0,"[2, 7, 17, 19, 48, 177, 575, 691, 711]"
V6Mc,GHhetoIIFNE,"[21, 23, 410]"
voMc,X1Xz6DMo7w0,[6]
7IMc,X2KoQQSLYtY,"[15, 18, 862]"
wEMc,X8Q9VyH_Cqg,"[1, 25, 157, 407]"
IoMc,XAnDYyhzCH4,"[3, 13]"
SFMc,QkdN2YPO43M,"[5, 49]"
KnMc,XzE6okIhNC8,"[0, 1635]"
ecMc,i1f44-R02p8,"[3, 4]"
RJMc,i1Mc06IukPU,"[18, 43, 59, 101, 991]"
jEMc,,"[31, 47, 97]"
FUMc,_Tj_vriH0Do,[25]
tmMc,_WT47mmnh9w,[671]
E9Mc,_WPw1YajgLg,[248]
BdMc,,[3]
7KMc,J-U4-Ev6OaM,"[461, 498, 1713, 2100]"
mkMc,V8wYvDyitDU,"[0, 1, 35, 134]"
qUMc,V8YKCekLXjg,[3]
m9Mc,VFsfgoh6YNs,"[110, 329]"
UMMc,m9swafule7Y,"[3, 4, 10, 13]"
lzMc,mBhs18gKJZU,"[0, 70, 125, 1047]"
C5Mc,mEWFdwsptrA,"[68, 72, 907, 1328, 1417, 1965]"
R3Mc,mIh9lSTnmj8,[280]
nXMc,Upid3Z46hxI,"[203, 339, 436, 512, 779, 1431]"
1jMc,-Ty_IoGz0l0,"[1, 5]"
bWMc,fo8ROq4NUZQ,[6]
zbMc,fpjBk3wjnDc,[1028]
tlMc,,"[0, 1, 27, 153]"
0RMc,NPsyFQScKeI,"[0, 52, 70, 125]"
USMc,7U1nKAbNPa8,[14]
RZMc,XJz-O-6SQPU,"[2, 30, 1621]"
e0Mc,764IcMEMVUk,"[2, 17, 196, 198, 344, 1391, 2367]"
TaMc,7927SrG0iIo,"[0, 1, 134, 230, 768]"
gUMc,FYOsVq3sqqw,"[5, 16]"
2zMc,,"[5, 309, 1018, 1819]"
QzMc,FEsopzHvqTY,"[0, 118, 705, 1624]"
HKMc,MAYHcZ6alSs,"[0, 12, 336]"
OrMc,IQAVIu3JJwU,[8]
OHMc,U2RGbQpseeM,"[3, 6]"
7tMc,BO_OgwczR4M,"[3, 4, 10]"
CjMc,PksSQ0tvRGg,"[11, 20, 22, 29, 32, 112, 120, 430, 543, 624, 679]"
HNMc,PqrhqYpPNlQ,"[0, 1, 27]"
E8Mc,A1tHeVVkkYg,"[0, 12]"
03Mc,A2yHP5KDGHA,"[0, 1, 5, 69, 436]"
zvMc,A6-pkn2kd-I,[14]
H8Mc,A8Yfnlwz8A4,"[15, 18, 87, 365]"
36Mc,RlZ3wxh3rVg,"[2, 7, 90, 174, 706, 1266, 3246]"
gDMc,RnpvzMb_rDA,"[2, 44, 46, 109]"
QEMc,RpBC0SlhknY,[0]
MFMc,uUCCj8i6sAk,"[0, 79, 91]"
XxMc,uXcPgxQv4p0,"[3, 4]"
HwMc,uZgthWiCL8s,"[26, 1093, 2909]"
DjMc,uZSV0jaN7rE,"[11, 20, 22, 29, 32, 559]"
vJMc,z-9bZuVIM8s,"[2, 44, 46, 109, 162]"
smMc,Q7zzdCpPXwY,"[0, 1, 534]"
SyMc,x1g3gLA4SDM,[99]
IaMc,x4IePFuyLIo,[1308]
TkMc,cbYxfNsGbZ4,"[0, 1, 21, 23, 24, 73]"
YBMc,cdcf_Ryt3M0,[25]
uUMc,cfhYO1apFjM,[343]
fxMc,KVd5x_4OEeI,[61]
hNMc,KYR12mwAkm8,"[2, 7, 541, 1820]"
FeMc,KZT8Fdfcg2s,"[0, 1, 1377]"
aqMc,8JlZ3pY_QDQ,"[39, 121, 156, 202, 207, 233, 393, 529, 627]"
sAMc,8MkY26zMfZY,"[5, 144, 1744]"
szMc,6X3cNsgEncU,[8]
KlMc,HG0Dn5soNxo,"[0, 12]"
GtMc,HHpdyK-H0_0,"[0, 1, 36, 367]"
jsMc,HNgKsOig7bI,"[0, 1, 69, 417, 784, 1085]"
ZyMc,i9B6F-9n3MY,"[25, 354]"
57Mc,iAUPO3kW_Ko,[310]
5gMc,ZPMGWxuEiQE,"[0, 12]"
VdMc,ZP315kHJIik,[97]
qpMc,ZPLRF5F5SZY,"[53, 58]"
5rMc,ZQpu6CNOe5o,[8]
A8Mc,ZQwR8lA5EJQ,"[15, 18, 59, 178]"
NNMc,ZSH9Jmh_AHI,[692]
j2Mc,ZWFQlfF3hiE,"[0, 319]"
h9Mc,wNlbWDyo98A,"[0, 312]"
3SMc,,[201]
noMc,0KnhXVCuM4M,"[2, 30, 90, 905]"
IgMc,GTfRK6AYNFU,"[2, 75]"
2mMc,GUAE8Jg2oRI,[14]
J3Mc,aaAnMxhP5jo,"[43, 374, 693, 1474, 1496]"
cpMc,djXCjauZ7wI,"[0, 1, 36, 403]"
GaMc,WvxeQXAJgFI,[8]
V3Mc,nN01nweqU0A,"[8, 71]"
ruMc,z4XYUH6fj1o,"[0, 241]"
QyMc,z5oO8LuFL8c,[66]
BEMc,z6cuWGydEno,[26]
UEMc,z6xEeP_lkzo,[2]
n7Mc,zCEyPYk0PUI,"[0, 1, 142, 203]"
A1Mc,O-H7JGrhFnw,"[3, 6, 8]"
FZMc,O1jHLbJ0BI8,"[0, 1, 1146]"
hTMc,O15WXe2Lsjw,"[25, 682]"
mrMc,O75E90Fr6GU,"[0, 1, 85]"
DaMc,O9oJ6TM4nRM,"[11, 20, 22, 29, 32, 120, 1672]"
IZMc,1JQSXadGQWs,[3]
L7Mc,1K7pnUJqOuI,[311]
pJMc,9vzlfjipO3Q,"[2, 44, 46, 107, 109, 114, 138]"
jxMc,9vlrRtO3He4,"[2, 284, 544, 1089]"
3vMc,OLh_YQGQxIo,[12]
lwMc,OPsibfL_7AY,"[5, 733, 1829]"
9PMc,yCOpNlP8Krg,"[3, 6]"
n5Mc,bdA-MdPi1bw,"[3, 6]"
heMc,bePvthG8rgQ,"[2, 44, 46, 107, 109, 114, 138, 145, 162, 1164]"
egMc,beg4rWuxRTg,"[2, 76, 227, 446, 473, 547, 1392]"
nPMc,WPFa3drknkE,"[60, 353, 666, 673]"
jYMc,WPWrMWfYAAA,"[3, 4]"
MWMc,pOnXroteWwA,"[2, 17, 53, 58, 228]"
W6Mc,pRoMfgiWwms,"[5, 285]"
w0Mc,pSFryn5ymFY,"[5, 16, 25]"
knMc,pTOGp8f-bC8,"[4, 9, 10, 37]"
GyMc,pW8GxrZ-s-M,"[19, 272, 318]"
2YMc,NCSTAIRctDU,"[2, 7, 104, 197, 198, 316, 513, 1946]"
dtMc,,[158]
kDMc,ND3AneTpBMU,"[71, 152]"
AZMc,NEsARVVtBNM,"[21, 24, 74, 131]"
WVMc,-Hx4qAirAYE,[8]
m4Mc,-IP8XsMOz_I,"[11, 20, 22, 572, 624, 625]"
jCMc,-JWgVe0-Ajk,"[2, 7, 26, 136, 1023]"
99Mc,4H4wGWvmae8,"[2, 75, 531]"
hQMc,4IUS0L2h9Vk,"[0, 1, 36, 94]"
T5Mc,4NezxbXIfYw,[25]
VvMc,4NwJFDrDl1Y,"[0, 1, 27]"
1tMc,4Npgtf3_Jvw,[8]
BxMc,XXUcdQ0zUZM,"[2, 7, 208]"
WcMc,XXXFr5-A_bg,"[6, 8, 1024]"
E0Mc,XXRNgCmppCg,"[3, 4]"
8NMc,X_Af3BXKLCQ,"[0, 241]"
IuMc,Xbh1dTfM3rg,"[0, 42, 306]"
D8Mc,OBfhU-dGabc,"[31, 40, 47, 57]"
XOMc,OCniLwQoQHM,[1095]
ASMc,gESweQ_yro8,[669]
ZBMc,gGFrlEZcm48,"[25, 623]"
8ZMc,gHdTpnxWdGw,"[6, 71]"
EeMc,gJKqpMQsM_c,"[15, 18, 59]"
khMc,,"[21, 23, 676, 1066]"
rGMc,mrK-y-zQne4,"[2, 7, 75, 165, 213, 923]"
S7Mc,,[261]
f8Mc,7iQMUyIS2Eo,[3]
pkMc,JyHPPM6QvH8,"[3, 4]"
xTMc,K100Ezr5ff8,"[0, 42, 111]"
vvMc,4mcGlIHu3W4,"[3, 4, 13, 41, 47]"
4KMc,yLYZDdZhOyU,"[62, 411, 2426]"
1uMc,yLLHuCQLD5w,"[0, 1, 535]"
OqMc,zpLhy98wS_s,"[0, 1, 69, 417, 784]"
oLMc,IKcv9EhgHpw,"[8, 71]"
kjMc,qFggsQyzXUo,"[1, 36, 132]"
wmMc,qIGWIIg2SFg,"[2, 30, 1197]"
1wMc,hN0a-FQTB7w,"[2, 30]"
qYMc,hPKVs-bGGmo,"[2, 17, 30, 143, 340, 345]"
TeMc,hRlTVskWcvw,[1255]
6KMc,hSNbm7IHOjw,"[62, 411, 2776]"
fzMc,93ewOoPp4e4,"[53, 58, 228]"
k4Mc,vJtsSypO1x0,"[3, 6]"
2BMc,vKVtLA253PY,"[0, 1, 3167]"
X1Mc,ACbfmfl8t7Y,"[0, 52, 70]"
KzMc,AEicwpVCgaM,"[0, 63, 167]"
HZMc,iJKkAER7w5o,"[15, 18, 67, 1057]"
4DMc,iJmDwObe0kI,[901]
kWMc,iN_aN2al7so,"[39, 66, 1117, 1537]"
kAMc,At791mtijt4,[2117]
vOMc,AvQkdy6Tcfk,"[6, 8]"
NyMc,AveKUgJ8FEc,[25]
A3Mc,AyNaZA8TBlA,"[0, 12]"
VgMc,Af9XOUMvDLI,"[2, 7, 104, 3347]"
dmMc,Afg3WnGVeRE,[146]
ToMc,AhLvnlFCwrI,"[14, 159]"
L3Mc,Aj0bAbRpSnw,"[11, 229]"
9rMc,M-wG4X_dYLc,[2083]
5HMc,M0bJbe6JPB8,"[3, 4, 13, 54]"
SKMc,M1B6duis7HY,"[2, 7, 563]"
InMc,AYdhexea2W0,[8]
21Mc,AYbPaTPLj20,"[5, 16, 25]"
UcMc,iODztOnrfZM,[1138]
MlMc,iOVKuk6eSWo,"[2, 76, 473, 547]"
qLMc,iOAI2QCMymI,"[17, 19, 143, 166]"
ikMc,,[3]
a3Mc,KKdrXUNWnig,"[0, 1, 42, 111]"
16Mc,KLLWZwFr5Vw,"[89, 310]"
rSMc,u10Djc3m1P4,"[62, 251, 2149, 2386]"
7SMc,u28_tl0D2fg,"[2, 45, 51, 56, 77, 137]"
GbMc,u7vWnBWbFlQ,"[11, 303]"
8rMc,rHaG5MgNyyQ,[0]
6QMc,rK0BHC0iOeQ,"[210, 685]"
TOMc,f9_raucH3OI,"[0, 139]"
gfMc,fBrSibYbRdM,"[2, 7, 957]"
a9Mc,-90wWWurpUs,[3225]
t3Mc,zcB5Jj0wzBM,"[226, 3004]"
0dMc,zfpFYDfsB5A,"[0, 12]"
RxMc,ziF3AWpYE0Y,"[0, 52, 70, 125]"
NTMc,zjuSqyhYAYo,[3]
08Mc,gTXdW_VEEOU,[154]
5JMc,4QymQH7RhAw,"[364, 1013]"
F7Mc,4SX5Syge_FY,"[25, 268, 682]"
eYMc,,"[53, 58]"
VcMc,shUFiX8PKBM,"[15, 499, 946]"
1XMc,pta5Iio8YXE,"[3, 4]"
0IMc,PZavP6w4Lu0,[110]
bSMc,Pay_JauKu5U,"[914, 1668]"
CRMc,Pcejm6cEYws,"[3, 4, 13]"
utMc,PcOVs4vZxHE,"[0, 5, 16]"
u3Mc,Pcg45Q8XOuU,"[0, 1, 102, 1244]"
2jMc,PdgTKDQKGbQ,"[88, 242, 254, 470]"
FJMc,Phf_FqJXVgg,"[0, 1, 36, 142]"
O9Mc,DQgjroAL4ss,"[10, 1698]"
k6Mc,UTTpiQErVZQ,[798]
enMc,UVshsD5dOSw,[5]
ELMc,cNopKo0QA4U,[12]
ykMc,pBCHZmi3H5Y,"[1530, 2324]"
LfMc,pBCk8ZCPASQ,"[0, 611]"
R1Mc,zSBvZNWXEpE,"[0, 1, 219, 546, 1322]"
wLMc,zS51iM97rW8,"[0, 42, 111]"
1EMc,,"[0, 12]"
mdMc,2MxZg5vuHCI,[31]
eJMc,2NhJSQATKnU,"[3, 4]"
yyMc,qm1GJNUfK9M,[99]
IzMc,tozyEna-o3Q,"[31, 40]"
kIMc,tpbml9Efric,[571]
9FMc,trePEmwrnE8,"[2, 7]"
j3Mc,ttjW0jdCydg,"[60, 160, 273, 888]"
aoMc,RF5kh8ccig4,"[181, 216]"
SSMc,SwnmqjRs_Jk,[27]
DPMc,Swe3NhfRijY,"[2, 7]"
jkMc,SyN-SQn7na8,"[0, 1, 94, 142]"
TqMc,T-lIyrEUwIE,"[0, 1, 2247, 2278]"
JBMc,T-hOjVp0lng,"[15, 26, 96, 189, 733, 3370]"
ZTMc,85hRxAhBxnY,[3]
QpMc,86v41bN6Qsc,"[0, 1, 69, 236, 404]"
QhMc,SQGcQXnOFYw,"[3, 4]"
XjMc,SRFe2PmCGNs,"[3, 6]"
qCMc,JmwRBPtLbhc,[1534]
WzMc,Jm2omxrjlmQ,"[0, 1, 5, 898, 983, 1149, 1581]"
uXMc,JptTJyEQVrg,"[3, 4, 6]"
nVMc,JpLWkwkjm1I,"[0, 1, 245, 387]"
fTMc,JpqJFrtyJE8,"[8, 71]"
apMc,bRIhrnQ1-a8,"[31, 40, 47, 511]"
LmMc,bSri7JHqKhk,"[71, 152, 1640]"
41Mc,YYKizIir2j8,"[4, 9, 10, 34, 37]"
3qMc,3hrz7KK2EJs,"[0, 1, 27]"
70Mc,3isSM7qDlFI,"[3, 4, 6]"
RMMc,t01gTjt8LtA,"[0, 1]"
xpMc,,"[329, 1867]"
XGMc,3GDHwUCG1EI,"[4, 13, 164, 842]"
Q5Mc,b3GFUulJYzU,"[15, 276]"
CQMc,xBOH_ehsU8o,"[2, 7]"
NzMc,xB6wesNJW9o,"[60, 210, 427, 519, 666, 995]"
mvMc,wf0QRTlOJ04,"[0, 1, 5, 16]"
uoMc,Iaqrhg5sPlU,[12]
e2Mc,6hf20v067BU,"[50, 65, 493]"
1MMc,6iQbjwjz6wA,"[1, 105, 183, 245, 424, 488, 2303]"
ydMc,LoZ4-bEATns,"[251, 982]"
J8Mc,LpeHoaAeITY,"[0, 5]"
l6Mc,LpXUCBaZXU8,[375]
WqMc,LrS_yzyWsLs,[25]
SDMc,Ls-PY4IkxxQ,"[28, 33, 38, 78]"
Q8Mc,LtZEct65Ung,"[3, 4, 10]"
KXMc,Lv3u4CeQ0iM,[653]
NcMc,mu-2Cu4k4fM,"[3, 6]"
sTMc,uniJ7L7D8Xo,"[3, 375, 420]"
dyMc,D8_AUrFTMNA,[588]
fjMc,D9DKr0mEvAM,"[2, 7, 280, 937, 2825]"
XiMc,tLeiPmfm-2s,"[2, 7, 1099, 2065, 3154]"
McMc,UKaTtaLXT7c,[12]
RiMc,1YXhXuVZFEA,[16]
8PMc,1bs_VnJVK14,"[0, 1, 35, 2655]"
qXMc,1dgEKqdtuew,[31]
qlMc,1gxX-0b9_Os,"[11, 62, 1408]"
4PMc,Exo3RRmhMmY,"[0, 52, 70, 91]"
UoMc,EyZKa8rIQP4,"[21, 23, 24, 73, 209]"
dNMc,,"[0, 1, 36, 132, 185]"
mcMc,tx66pULlmKA,"[0, 26, 1064]"
O5Mc,zsAgvAcvLY0,[225]
ZlMc,tFBKBfDVCcg,"[0, 12]"
l0Mc,_Xf4Cj71JMY,"[0, 1, 1441]"
8kMc,rocgZFlnOps,[1118]
LSMc,PLICA-hcK_g,[92]
l7Mc,PLuuptYHnjM,[71]
VJMc,PLd6-3p861U,"[3, 4, 10, 13, 54, 97, 243, 278]"
a7Mc,opWZUnNCp5k,"[39, 121, 156, 202]"
DGMc,VwF-G3HAiIo,"[2, 43, 76]"
1xMc,NHoi0hrMmTw,"[66, 1292]"
XAMc,20RZSXdGTVg,[14]
cdMc,j468C1rL3bM,"[398, 482, 501]"
RCMc,j7UExO13hjo,"[0, 1802]"
GkMc,jAHq9XVk7OM,"[82, 103, 118]"
KbMc,Uaga6AzIHrg,"[3, 4, 6]"
cMMc,gum2xtZZ2a0,[269]
qsMc,h04H_fciTno,"[0, 1, 5, 362, 3834]"
SkMc,0vx6Ocsk6hQ,"[2, 7, 104, 2477]"
avMc,1-PmB7-ee0Q,"[0, 1, 5, 150, 204, 234]"
06Mc,FfWxXF7vAOU,"[15, 668, 990]"
e7Mc,FgmFFvjQee8,"[28, 33, 38, 78, 86]"
3pMc,fOEccStpzfs,"[3, 4, 6, 10]"
r6Mc,l7mWcj-iHOE,"[0, 1, 27]"
HHMc,l91k_qJWHog,"[2, 30]"
CeMc,eE9zWBuz9j4,"[53, 58, 166, 228]"
EfMc,c4PyEtqueWY,"[0, 79, 91, 376]"
oNMc,0_T5YP_Jtlo,"[15, 18, 170]"
jKMc,0_5Rdu7--Yo,"[15, 43, 555, 1076]"
qnMc,mVN4AslLlVc,"[2, 56, 218]"
OXMc,mY75acoxIuk,"[141, 832, 1187]"
FgMc,wAChLHGRbpw,"[26, 130, 409]"
nQMc,gZQ0EBOfi7k,"[105, 192, 455]"
UfMc,g_kO8_bk6nA,[26]
xKMc,5ZpuH43F0DM,[3]
ORMc,6cGJjAFvyLc,"[2, 7, 75, 2941]"
tfMc,6ci5hyfI_Yg,"[3, 4, 13, 31]"
wbMc,dbmJFdBPrbw,"[0, 1, 2999]"
JeMc,dbCa-sRh0C4,"[2, 45, 51, 56, 77, 212, 295]"
Y4Mc,dewVExbbKmQ,"[31, 40, 57, 117]"
U1Mc,deRubKd6QJk,[3]
rBMc,66pU0wAyCMg,"[4, 9, 10, 37]"
EvMc,67Hczp8Kqrc,"[9, 10, 34]"
uDMc,687KJljQ5ko,"[46, 113, 965]"
xuMc,XMEc85GDO8o,"[453, 2124]"
ejMc,tkKH_drNR9k,"[60, 646, 869, 982, 2149]"
uyMc,tkC0M6VHzoU,"[0, 27]"
AMMc,tkMUc1qGfLk,"[0, 1, 19, 35, 134]"
LOMc,GY4myqsAFYY,[9]
RNMc,,[3]
FBMc,12lFzfPt_Kc,[12]
aKMc,,[14]
F0Mc,1682rQdaYCE,"[3, 4, 10]"
WrMc,FMWYoRtkihE,[14]
yhMc,,[61]
J0Mc,hbcRclDd9tw,[882]
lnMc,hdVyLJbphaE,"[0, 52, 432]"
HTMc,hde_YatsVyA,"[798, 971, 2443]"
QWMc,hda7OGFxfPo,"[21, 23, 24, 2264]"
3lMc,tcl5hgUg3r8,[14]
4eMc,Q_ptnqV1QQ0,"[54, 188]"
qKMc,Qa3j1bSV5-Q,"[4, 6, 10]"
9KMc,sudisP7SwMc,"[2, 7, 90, 297]"
f1Mc,TWU6BpTFe-o,"[389, 860]"
Y8Mc,TXYxGeYESPc,[14]
OVMc,TYRdIXlIHMI,[0]
BKMc,d69n47K-3PI,"[133, 630]"
NGMc,d7yG_4f_1Do,"[85, 1494]"
fCMc,dAnewwlSHvE,[14]
h7Mc,E-AzPxAScjs,"[2, 30, 55, 608]"
EqMc,nzi35I4lqsk,"[11, 20, 22, 29, 32, 123, 572, 3714]"
bJMc,YhFRuydM3fc,"[2, 64, 95, 135, 149, 297, 464]"
WlMc,YhGoeJi2_p0,"[0, 319]"
Z4Mc,S8xJ7lXzbDM,"[0, 12]"
NdMc,mdAHmltTY-4,"[0, 241]"
yuMc,,"[0, 1, 21, 23, 24]"
bgMc,U7h7yugQICM,[14]
14Mc,U9bubLqAx7Q,[9]
VBMc,UF-prv1OrNE,[0]
kwMc,OT08ZFJ2IsE,"[68, 72, 98]"
n1Mc,o8IT1AX7qe0,"[2, 7, 17, 174, 344]"
BFMc,D_SaGY8IxHw,"[2, 30]"
QFMc,DaGmYKhIwIU,"[2494, 3620]"
ZiMc,JsKdTpAXXTg,"[3, 4, 6, 9, 14]"
fbMc,Ju39s9BHNas,[14]
tPMc,LGKRw5GQABU,"[600, 1028]"
P9Mc,LGX0tJXJmqA,"[0, 1, 36, 132, 147, 185]"
EFMc,LGn8PJx7HHg,"[3, 4, 10, 13, 351]"
yPMc,LHDFwFIoVg4,"[2, 7, 171, 283, 457]"
StMc,2Aaqo3e0nO0,"[5, 16, 328]"
OFMc,2AGT8uBvWQo,"[0, 110]"
syMc,YD8jlOFp97U,"[66, 152, 293, 332, 849, 1313]"
FWMc,5tF_t_kb2fc,[14]
YPMc,ukKR9yTEnTI,"[0, 12]"
0CMc,jkx9Ai2n-Jc,[8]
i1Mc,WALQC9aqjpY,"[0, 1, 5, 1207]"
S2Mc,WDFCxMfZ6pc,"[18, 59, 178]"
4bMc,WJehQe9WuNc,"[6, 8]"
nlMc,kTlM7cCblUI,"[24, 74, 131, 209, 1269]"
PpMc,kW0fMiIlblA,"[6, 8, 206]"
gXMc,yWKLP_tTZCE,[874]
oPMc,c0Dh83hGAgA,"[2, 18, 43, 59, 60, 76, 101, 286, 873, 1415]"
oiMc,hlsgy7XlOeM,"[15, 18, 67, 140]"
KaMc,BCpCNEa3dm4,"[0, 1, 27]"
XmMc,BF9vFff0kk0,"[0, 1, 5, 532]"
1AMc,BF5_QCEioIk,"[19, 53, 58, 60, 163, 232]"
FLMc,Y4gvDn1VnYA,[2944]
JFMc,Y4nnlHmRBGs,"[0, 1, 13, 28, 512]"
5BMc,Y4Rc_XppA8Q,[2957]
dPMc,SDz4Ojb6MFs,"[3, 4]"
mzMc,MgFOIh3WuFI,[79]
OtMc,Mo61T5CKMGE,"[25, 282]"
pMMc,x9iDH1O2Sdw,"[25, 227, 1487, 1688]"
KCMc,wzUlhvmVXos,[2684]
RSMc,MvH2rJZjR1A,[25]
HAMc,vfhqzPAlnfk,"[2, 7, 197, 402, 508, 1106, 1670]"
JtMc,vfOzTbOdg54,[304]
8aMc,vlNYHKuniDM,[629]
JGMc,I78Mfmz3IuI,"[18, 26, 466]"
sQMc,I9X1uXaTAlg,"[0, 27, 952]"
cEMc,RDlU2XrioYE,[3]
BiMc,BYvLLn4FDl8,[2000]
seMc,BZlA_sDXfTI,"[0, 1, 27]"
k9Mc,Be5oFKhI74Q,"[3, 4, 28, 33, 38, 1088]"
IDMc,jEFZ8I2RKYY,"[0, 1, 132]"
WsMc,jEWaoNSd-uY,"[0, 1, 42, 290]"
4UMc,jIoBVLUYoZE,[3]
lsMc,fazICDq0Dp8,[3]
LQMc,,"[63, 336]"
q6Mc,,"[0, 1, 246, 339, 934, 2704]"
1OMc,AoYseW_LLPQ,"[2, 7, 174, 230, 361, 2363]"
aXMc,n1paX2jJxGw,"[0, 12]"
jAMc,7rzxQexsu-Q,"[2, 76, 446, 473, 1392]"
r4Mc,7rXaCjrDeoY,"[0, 1, 339]"
PvMc,XryVZ7phBDQ,"[0, 1, 27]"
8LMc,MVd6uRlT4rQ,"[485, 984]"
GGMc,Ma-DrIHMs1I,"[0, 1, 27, 245, 294]"
CrMc,XFYDPi0nssc,[6]
5QMc,Pt3IHhqEsjI,"[15, 18, 59, 363, 509, 668, 797, 1206, 1308, 3427]"
UVMc,EH-m-USrv7I,"[31, 40, 57, 117]"
yQMc,EH39rzOjBsQ,"[0, 52, 70]"
ESMc,EINnZTGXiU8,"[0, 1317]"
KtMc,ELoDxvqI4-Y,"[0, 1, 35]"
4mMc,ELl9ciEdhoE,"[412, 447]"
WiMc,leaxnCI_iOs,"[9, 10, 34]"
ZdMc,liS7bOVyvOI,"[798, 824, 971, 1243]"
PyMc,VcQZzmvvYT4,[167]
ZDMc,,"[4, 9, 10, 37]"
sgMc,OgOfL437vW4,[14]
evMc,OhCE4dUT_1c,"[24, 74, 106, 131, 187]"
zcMc,aAwngzuAW6c,"[21, 23, 24, 73, 209, 288, 322, 554]"
UbMc,ZfkKriknris,"[0, 1, 738]"
k0Mc,Zgefm_UUHSo,"[313, 1226]"
jRMc,XLL5OJUql34,[182]
aaMc,,"[15, 18, 170, 314, 3130]"
9WMc,4em_n33rkuA,"[6, 8]"
g4Mc,qf4RO5CW27U,[682]
wZMc,D-hKs65ZIUg,"[61, 433]"
B2Mc,D-ERk_Njro4,"[1, 110]"
ReMc,D3h4kgiFmgw,[11]
caMc,UlN6A7dCkkk,"[51, 442]"
NvMc,CDt0FTZo0J0,[329]
hHMc,CMtK5OgUmO0,"[39, 121, 156, 207, 233, 338]"
WXMc,0Nld36rQsA0,"[1100, 1499]"
7kMc,0OWbiL4mCsw,"[3, 6, 8, 2090]"
DDMc,0RLysV1TPAs,"[0, 70, 125]"
isMc,0SPoPYVvP_k,"[2, 44, 46, 107, 109, 114, 138, 145, 507, 3504]"
vLMc,0VUqK46TIJA,"[0, 670]"
KoMc,fXbZM6H_vsI,[8]
GxMc,VNPBEJO66NI,[2822]
eGMc,wJf18DAJLQM,"[3, 41]"
8XMc,8vPChlXQ-I0,"[15, 509, 709, 1206, 3157]"
UkMc,8vP5RuEAdcE,"[39, 181, 216]"
AhMc,8wBDT5x3k6k,"[9, 10]"
bzMc,t5V1ZKT1DH0,"[0, 1135]"
NLMc,t6GsSnHSPjM,"[3, 4, 13, 41, 54]"
vqMc,t7ksw5jpbSQ,"[0, 1, 36, 367, 582]"
nTMc,,"[0, 111]"
7bMc,PQ3enmfBJ_g,"[64, 113, 119]"
e6Mc,PQSFqX3MNdA,"[8, 2281]"
y5Mc,PSVPype6NaM,"[0, 1, 42, 111]"
x2Mc,PSQ5aWxY2UM,[759]
PxMc,PUnd6TQMfvs,"[0, 1, 124, 153, 287]"
eVMc,7-9UpsN8_TQ,[66]
8RMc,pXQ5zocnuXY,"[18, 43, 59, 238, 274, 366]"
EhMc,paPMfJ-PUrA,"[4, 31, 47, 97, 243]"
qtMc,E13zdSFduWQ,"[26, 199, 326, 1337, 1536]"
AVMc,E3Ynd0_yacw,"[2, 56, 803]"
xFMc,DoSggXqxr-I,"[66, 148, 253, 271]"
JDMc,Doa1PlpmoSk,"[3, 4, 13, 41]"
PkMc,6ePHGdvnVyQ,[3]
dpMc,5qH7QTIUHqk,"[0, 1, 27, 192, 331]"
WGMc,DAs5USV7Hzc,"[43, 419]"
xDMc,DBctocX5-vw,"[15, 239, 291, 533]"
XUMc,DGsvVnA7as0,"[68, 148, 907, 1417]"
WMMc,D5hzRoObz2s,"[9, 10, 37]"
YJMc,D6UXWIi5LV8,"[3, 4, 6, 10, 13]"
uYMc,jv_JBvONVjI,"[11, 123, 176, 683, 814, 996, 1411, 2561, 3131]"
czMc,k2_iRez1JgU,"[18, 59, 106, 200]"
rRMc,k43VxS-oaJo,[8]
ArMc,vWiZmXxyLG4,"[282, 1338]"
GRMc,vW08ZJdNGgQ,"[3, 4]"
8zMc,vXqBAYjNQMw,"[4, 28, 33, 188, 594]"
jjMc,vZrCaycqpcc,"[2, 7, 95, 116, 135]"
pOMc,v_RuqSdVx1g,"[18, 43, 59]"
MyMc,vbnJjkeLZw8,"[453, 688]"
n4Mc,vd9ZuDtxjgY,"[2, 7, 198, 563, 3476]"
6YMc,JRcPm3ABDU0,"[0, 52, 70, 125]"
5ZMc,amtIbVVpJuU,"[0, 1, 27, 580]"
jJMc,L5yIMWh6-5E,[14]
0FMc,dHaKQUicvkU,[39]
AQMc,dMWJSSo2gtM,"[3, 4, 9, 10, 13]"
NCMc,35nZapcOa8E,"[4, 9, 10, 34]"
7YMc,37cTo24hNfE,"[269, 320, 3710]"
wIMc,glLTlo0UBiw,"[0, 15, 215, 217, 412, 447, 2444]"
cYMc,gmQHOh-7c24,"[3, 8]"
MzMc,gmVO7bicrZs,[3]
1kMc,gnxm75_OUe4,"[172, 197, 198]"
9mMc,g9Mr4HH-x-I,[640]
dlMc,,"[62, 2325]"
PPMc,,"[0, 1, 27]"
4RMc,HguTnn_pslQ,"[0, 12]"
RyMc,GxWyB3RKxG4,"[3, 4, 6, 10, 13]"
uSMc,TpuhJQ232ZU,"[9, 10, 34]"
MDMc,Tp9da_vq848,"[5, 328, 362]"
kHMc,TpUHKGR1xf0,"[3, 6, 38]"
siMc,L9l19KuiNvQ,"[0, 217, 412, 447]"
8jMc,LByxLDoSqO8,"[2, 7, 74, 187]"
5eMc,3Q4ezEoitT0,[3]
P7Mc,3RxS2sBXaQM,[0]
KvMc,3Sm2z3RZEEA,"[25, 391]"
0sMc,3SFU2p347qw,"[0, 26, 199, 362, 451, 1301]"
jwMc,3XQWrDt_OCM,"[2, 7, 116, 1012]"
xLMc,Wf_shKUdTAk,"[15, 96, 291]"
5jMc,WggDGF0_SIQ,"[31, 40, 47, 57]"
PCMc,Wg93uVOtEvE,"[2, 30]"
aIMc,WjtsAM4juKc,[71]
woMc,Iwv8abFhUFo,"[3, 13, 188]"
27Mc,IxF0JN2iTpE,"[2, 30, 55]"
whMc,IUPPdmnw9zc,"[2, 7]"
T0Mc,,"[15, 18, 67]"
ooMc,IWXJHViARtk,"[14, 52]"
PQMc,_FLIYyNLlpg,[701]
JlMc,_Hx5g4ioNBY,[2255]
B7Mc,_H300cY4zBw,"[13, 313, 1236]"
JyMc,_I6-aNlFkcU,[1982]
ZPMc,_J6yZHzo6oQ,"[0, 1, 35, 85, 134, 795]"
zSMc,_LtUXU_IGb8,"[0, 12, 205]"
ouMc,ChskAwsIjJY,[3]
4TMc,ChE4DAGVWKQ,"[0, 1, 35, 354, 3648]"
WHMc,CirmvHo19S8,[505]
fiMc,CirFXixymiQ,"[39, 338]"
r8Mc,8UYaM_js7Ss,"[0, 52, 70, 125]"
cUMc,8cauXfxHw_c,"[141, 247, 255, 3353]"
zmMc,Y8E0x4qSQpM,[25]
94Mc,xPDNBecTNsE,"[2, 45, 212]"
6PMc,xUbOc7QoYAo,"[25, 623, 897, 1051, 1278, 2588]"
J7Mc,,"[5, 16, 84, 169, 328]"
zAMc,0bheoqN4XsM,"[11, 2069]"
WTMc,0c9QQGoih-E,"[0, 12]"
dsMc,54aEF6PUoL4,"[410, 722]"
cqMc,bCHvwGvVG6k,"[3, 4, 6, 13]"
w1Mc,bC0TeXKQc_k,[358]
ZoMc,,[39]
9cMc,bD-AEEE3vEc,[14]
WmMc,,"[28, 33, 38, 78, 86]"
PYMc,s_1dImAUWWc,"[2, 46]"
LtMc,s_OHqt4HVRk,"[3, 4, 10, 28, 31, 33, 38, 40, 47]"
JEMc,Z_B9I5rnDG0,"[3, 4, 154]"
tMMc,Z_3K-b9qpkI,"[3, 6]"
L0Mc,kqxgk9dbwvg,"[42, 247, 255, 1097]"
jPMc,krOXUu9pw-E,"[1, 85]"
gpMc,fjCMY4O85Xc,[226]
bkMc,tYB-KxV16l8,"[68, 72, 98, 240]"
MSMc,GMsmTPegexY,"[0, 27]"
S8Mc,GMN8JvjHfL8,[821]
uLMc,YK8qaC6eSe0,"[0, 1, 337, 1116]"
B4Mc,YKzEQBKHAVE,"[0, 312]"
paMc,YLAcyBmnV6E,"[0, 12, 52, 70]"
A0Mc,0gdmGJECyKk,"[0, 12, 91]"
XrMc,YbCsxmo-Btw,"[8, 807]"
mqMc,NsEkPtFsh2c,[1510]
HiMc,9nSk1o0D448,"[73, 554]"
EkMc,EfFnQ-YhIww,[12]
WQMc,EfKeskxUkKU,"[3, 6]"
9HMc,gdV0godFW10,"[3, 4, 9, 10]"
3EMc,Kn33S-GlZpU,"[0, 1, 69, 1141]"
deMc,,"[3, 4]"
90Mc,,"[0, 1, 69, 236, 404, 589, 2993]"
LFMc,KrWTq21nTkM,"[0, 1, 35, 85, 230]"
CfMc,uHjS0T7VVzw,"[270, 993]"
vDMc,e5fHvX1YHII,"[112, 126, 220, 276]"
UdMc,,[8]
UBMc,e8XXPdwbMl0,"[5, 327, 587, 772, 967]"
xlMc,e8I7FG4ZduY,"[2359, 3116]"
TNMc,Yd1sxe4MEzI,[2626]
LwMc,YerAFKjfIN0,[99]
2tMc,LWHmGdT9Zfc,[1505]
S6Mc,LaeYUSp-qNw,"[2, 7, 44, 46]"
zsMc,JFEKVTe9W7g,"[3, 4, 6, 8, 13, 41, 3492]"
zqMc,JG2Bz-x24cE,"[0, 1]"
MVMc,eykEgL0KC90,"[26, 194, 445, 581]"
3xMc,,[14]
eHMc,dQy8tWNCPmE,[5]
fqMc,dS4ueTZS7J4,"[15, 18, 43, 59, 60, 101, 374]"
c8Mc,dT9dpd6TUlo,"[11, 229, 1107, 1189, 1675]"
miMc,N-XuYGgynUI,[6]
OyMc,N0Afjve_U4g,"[0, 1, 157, 681]"
EmMc,N3VcfcoiTac,"[3, 4, 31, 40, 47, 585]"
kEMc,,"[0, 1, 357, 372, 1239]"
VEMc,9gfpL9EHGz4,[1509]
IbMc,9hnX2MVJjJw,"[246, 315, 1601]"
loMc,_jx5GrJ-2IM,"[2, 7, 75, 172]"
oFMc,xtixnPLHkoo,"[5, 764]"
rQMc,xzEfQ--D_jQ,"[0, 63, 335]"
jHMc,GdORKbZysZY,[111]
ewMc,GhqgVjb1R4w,"[2, 45, 51, 56]"
ifMc,,"[0, 1, 5, 2485]"
OKMc,PABN9grtZ1c,[84]
IBMc,xiu-jf-BTns,"[2, 45, 51, 56, 77]"
QaMc,xjxZW3Qk80s,"[43, 2952]"
joMc,,"[9, 34]"
nzMc,fFw-aJC2i4U,[8]
LHMc,fFeL1gtIwGQ,"[0, 1, 93, 102]"
u4Mc,fJ1prP-KROQ,"[191, 299]"
pLMc,fKz6StY_XMg,"[100, 161, 548, 567]"
KmMc,fKUKdueAQVU,"[0, 1, 35, 489, 776, 1274]"
19Mc,fsTRK3FLAYE,"[2, 76, 446]"
GVMc,im5_Mr7Rrjs,"[18, 43, 59, 60, 101, 1032]"
L5Mc,inG3rsg1f5c,"[2, 7, 165]"
rtMc,1Oed2WyMkZc,"[2, 7, 83]"
AUMc,1QYH17wROGE,[3]
FRMc,1RjtOF1ijao,[717]
IvMc,TKFdpwHQ5Jg,[453]
dnMc,TNqyqL8nWuY,"[39, 66, 121, 148, 207, 1117]"
7sMc,TOFf1K6f1ww,"[104, 992, 3485]"
XPMc,YqsV43qJAVE,"[28, 33, 38, 78, 86]"
QJMc,aIspRUukwRc,"[60, 239]"
YoMc,aIHnKYcfVX0,"[15, 18, 59, 178, 773, 805]"
DiMc,aJUDXW6IJi8,"[15, 96]"
7AMc,aKWCp9PA15A,"[21, 23, 24]"
lfMc,F0gMatHgpZU,"[13, 168]"
X9Mc,F0DeqVI_iZs,"[0, 70]"
yGMc,XlD6cttGGXI,"[15, 18, 87, 3581]"
fcMc,-MTLf0S002E,"[2, 7, 116]"
JmMc,-MdhNlWx-vM,[1634]
ObMc,-OR-6cCttRo,"[0, 52, 70, 125]"
x7Mc,1iPLUTrCu9s,[205]
ljMc,1jPMLODRkDc,[11]
2LMc,1l4mhTbSqUo,"[0, 1, 5, 647, 739]"
hOMc,NUv40KiUdeM,[8]
qfMc,qCwxTZP1jmA,[16]
wnMc,ZeNK-CDQhEQ,"[2, 45, 51, 212]"
7wMc,PI6XQ0ZivZ4,[388]
wqMc,R9uazgI2KLo,"[4, 31, 40, 47, 57]"
LBMc,R9_I-F7bTxI,"[2, 56, 77, 218, 803]"
pjMc,v-WS7Ib2jbg,"[2, 2633]"
97Mc,v5Qb7qphdXU,"[0, 82, 103, 118]"
eQMc,v74Rsjc57hU,[14]
I9Mc,T8YOf3yqmgU,"[4, 31, 40, 47]"
MRMc,4jPIdyjsEpQ,[5]
8vMc,,"[0, 1, 1441]"
zfMc,OKYxOIrFCFY,[337]
pdMc,,"[72, 98, 452]"
moMc,wFCy_bA7mfo,"[0, 1, 27]"
TFMc,,"[0, 1]"
SxMc,ax9VWYrDdMo,[14]
QtMc,0GI0AJVqj6g,[311]
JNMc,DjwudZqo-Bg,"[195, 1046]"
29Mc,DjnotoNk2rA,"[11, 173, 2797]"
YSMc,Ds62OH9Y5kA,[2313]
p3Mc,DvqBgsF0FsI,"[3, 4]"
V2Mc,3x03XDAgTaU,"[0, 1, 339, 687]"
e3Mc,,"[2, 7, 165]"
7uMc,C74D4kpo_nk,"[17, 19]"
ffMc,C7auQQijH0w,"[0, 1, 69, 2234]"
I2Mc,cQYY13uwEbo,[1421]
pcMc,cWMUP98JxZo,[8]
w5Mc,,"[382, 794]"
JIMc,cYczww6_oHI,[66]
prMc,cYNLXqgerYI,"[182, 392, 634]"
9fMc,38GR43oujxw,"[0, 79]"
NlMc,39kTiFaM4Uw,[92]
FKMc,jrwjY7H6lvw,"[2, 17, 64, 149]"
2qMc,sSOTFcnQlZc,"[418, 725, 1108]"
R2Mc,sUCUU-86MlI,[3435]
VWMc,upO40qO3LGg,"[3, 420]"
flMc,,[5]
DQMc,usfPSZBKh4c,"[2, 7, 197, 198, 513]"
ojMc,UzD_pRq-K9w,"[0, 52, 70]"
ZYMc,-nhA56nN5AI,"[0, 63]"
QkMc,q68mfP9P5Qg,"[5, 16, 144, 190, 384, 1218]"
AHMc,7ZtP20Ktpzc,"[26, 194, 445, 581]"
PFMc,by87y-PxZsY,"[31, 40]"
a8Mc,RSEL-Rw6lKE,[8]
g7Mc,9RdY2I_xi3o,"[2, 45, 51, 2119]"
mbMc,7Gh3vIVveYE,"[0, 1, 1302, 3685]"
7LMc,7PHLWu8NWB8,"[580, 1099]"
50Mc,eX3AV5mC6Es,"[4, 33, 38]"
6OMc,-r5GXTASUB8,[6]
aOMc,-sIBFAbkiXc,"[2, 7, 208, 347, 3229]"
ibMc,vPq_xSYB29U,"[2, 7, 90, 283, 2253]"
iaMc,vy9tsk04-eE,"[3, 4, 9, 10]"
7pMc,vzy-iGy-x0E,"[2, 7, 402]"
4XMc,sJkr9dEFnTA,"[3, 4]"
vKMc,sN5kKFrLRAA,"[0, 1, 108, 358, 510]"
ohMc,,[1196]
MfMc,sPNJSgFBCT8,"[74, 187, 200, 588]"
vuMc,sR_yKZOaH14,"[6, 8]"
8MMc,7C9ysHkPf1E,"[181, 195]"
33Mc,,"[0, 1]"
JHMc,3MXI3A94Jao,"[0, 1, 48, 177, 258, 691, 1717]"
dZMc,k6dQx9kRM4I,"[50, 65]"
mNMc,7utvMLAmLXI,"[0, 70, 125]"
qHMc,7vOCmi_xN0I,"[0, 1, 27]"
i7Mc,r3HDxh46Cms,"[2, 7, 270]"
oHMc,9DHxZ0q1jR8,"[0, 52]"
C9Mc,9EooW-L1DQA,"[70, 125]"
BZMc,5R_gWFrMhNw,[352]
pbMc,VSEYi_iZc9Y,"[1093, 1365]"
ywMc,kbcndyexpIQ,"[2, 64, 95, 116, 135, 149]"
xmMc,kijOGQyFEig,"[0, 1, 581]"
bvMc,kirGwUcdlc0,[8]
F3Mc,InyVO0Y6u6M,"[0, 1]"
WvMc,InHSn9Rjf2o,"[68, 72, 98, 151, 980]"
bQMc,nphF4kVsQ_g,[8]
xUMc,nr5iVxHYemA,"[0, 1, 242, 254, 470]"
EUMc,nwgR3SEChVg,"[29, 406]"
1BMc,_mculzsOd5c,"[2, 7, 17, 19, 48, 128, 129, 639]"
3IMc,_mlG5ZAtbbw,"[2, 76, 227]"
OOMc,l0byGYl-n7c,"[25, 337]"
h4Mc,W25zXu555HA,"[189, 645]"
g2Mc,H5rtbFYyPpk,"[194, 260]"
YTMc,H9Fdr8Qmkqo,"[1, 234, 628, 678]"
WuMc,HDvvjDDSO88,"[2, 17, 443]"
BXMc,HDFfqFXiDLE,"[2, 30, 280, 608]"
E7Mc,dr7XJknKq9Y,"[0, 12]"
xjMc,ds2oV1MYMYY,"[3, 6, 13]"
cnMc,FjsbcuGlIao,"[3, 4, 13, 41]"
yaMc,FkY5p0Mbavw,"[3, 4]"
xoMc,FnO2_HWfvEE,"[0, 12]"
xQMc,FqjkY4pZNug,[88]
PHMc,jj0WsQYtT7M,"[179, 468, 635]"
CoMc,jj-oV0ZcXGY,"[11, 20, 22, 624]"
dbMc,Zt6XfuEp_zg,"[0, 731]"
clMc,Zzl93NrsmlA,[146]
HtMc,_0DuML4wfWI,"[0, 215, 217, 1019]"
7QMc,_1XWm1eJiwQ,"[2, 962]"
rgMc,63jnz1O17_o,"[983, 2751, 3536]"
1RKH,Rva7vvSwBX0,"[11, 20, 22, 29, 32, 122]"
sEKH,-43yU0aAMVc,"[3, 4, 13]"
sgKH,EQ5OFw7v_fw,"[1, 35, 85]"
8uKH,LKdjbqhoBck,[411]
iZKH,jubIR4ITSrE,"[851, 1972]"
T5KH,6A6Lg4Wv0Ys,"[4, 9, 37]"
RuKH,-fZI5ntktzU,"[3, 4]"
W2KH,-g1kW-Yc7IQ,[4]
s7KH,-h4-XcgqJ1Y,"[24, 209]"
aoKH,F--XxwobJ80,"[2, 30, 879, 909]"
x0KH,F-eIFLmwUUE,"[5, 16, 783]"
l8KH,obA-8spAyOY,"[0, 1, 124, 317]"
1fKH,UY7-DMWbJJo,"[0, 106]"
hzKH,kNSVTibWd-c,"[11, 126, 276, 291, 2178]"
s4KH,kQtKC9vmZeM,"[2, 43, 76, 281]"
7rKH,-RZT4F3IIp4,"[0, 705]"
BZKH,maDkwTss8UY,"[0, 1, 27]"
XoKH,mJmoljk7UPg,[8]
vlKH,88f-eAUpb7o,"[39, 121, 156, 207, 338]"
mMKH,8HHSgGwtb5Y,"[2, 7, 17, 19, 48]"
bwKH,j_NgNb4noAY,"[296, 796, 1434]"
8rKH,jcivYNge8rk,"[398, 1918]"
9oKH,,[136]
KZKH,WWNinUtREtI,"[74, 275, 697, 1462]"
LTKH,WcgZ9wBJ-sE,"[15, 18, 67, 140, 699]"
mOKH,WdaNsKEu7oc,"[3, 8]"
nzKH,tHSejGtNujI,"[3, 4, 6, 13, 28]"
fdKH,lvfH-3Mfyww,"[3, 9, 13, 28, 38]"
DbKH,lvKJOhcrdVc,[175]
WfKH,YsA_x7q88XE,"[15, 18, 67, 140]"
zSKH,Yvg5f-fwoXA,"[85, 501]"
r0KH,lHzenmQzJTY,"[3, 4, 9]"
yKKH,lI3ECPvBcYw,"[0, 193]"
UaKH,lKkHYgpugfQ,[274]
yRKH,lNge6iOcFkc,"[181, 216, 222, 249]"
C0KH,-XxYttqyqLE,"[0, 2748]"
nqKH,IgZgXYyQrVs,"[5, 150, 204, 853, 1674, 2183]"
KEKH,NQwucvH8AQU,"[0, 27, 153]"
yJKH,NRpkR4jPWUk,"[2, 7, 116, 573, 3294]"
dTKH,rOCkWYkTfYU,"[1310, 2861]"
qBKH,qQYK4tWtUDs,"[0, 1, 319]"
H0KH,qRM_AhkGcvw,"[53, 58, 214]"
ZwKH,qUOs0cqTa8I,"[9, 10, 34]"
AHKH,qWNAc8jHiog,[14]
bmKH,qY5XOMToUk8,"[15, 555, 1225, 2501, 3178]"
5rKH,eO89TSc4p3U,"[0, 1, 5, 1485]"
mnKH,,"[31, 40, 57, 492]"
k4KH,,"[21, 23, 24, 115, 1180, 1306]"
jPKH,51MrB-86AOc,"[0, 27, 192]"
o8KH,aeI0b6bFxQs,"[0, 92, 110]"
QTKH,ahkxqeb49tQ,"[4, 9, 10]"
2mKH,ck0UaFt0wJU,"[3, 6, 13, 28, 38]"
H5KH,clUFalXcR7s,"[2, 45, 51]"
OtKH,cmyIbzgFJS8,[8]
L7KH,cpxsYKyNpi4,"[0, 215, 611]"
UnKH,csgWptDrNUA,"[50, 65, 256]"
UNKH,ctaec4ilpjk,[1047]
L3KH,_45SfL6ng6I,"[0, 1, 5, 69, 236, 568, 1864]"
0RKH,_5CIqliWPaU,"[382, 794]"
LMKH,KEcTVqXN3Ac,"[3, 4, 6, 10, 13]"
CaKH,KHuu-fTr6KY,"[2, 7, 48, 213, 757]"
BxKH,ry51dKmMMhU,"[0, 1, 25]"
JIKH,MIpLFAby4q8,"[0, 1, 354, 943]"
m7KH,pisFkEl1tZo,"[0, 139]"
SwKH,po2T1l-VqhI,"[2, 17, 30, 55, 340]"
HeKH,w9abvBzPNBg,"[3, 4, 9]"
DwKH,rbaFObulkZI,[11]
GCKH,rfv2xqQ-91g,[133]
SaKH,CfcBBOMxprY,"[1, 14, 484]"
EPKH,T2hbbWacfE0,"[2, 44, 46]"
fgKH,tC6dydbqLkc,"[579, 886]"
26KH,tCUuZbPFx1Q,"[17, 19]"
cwKH,a8dn7fiFEe0,"[0, 1, 2792]"
CKKH,nVfmqko6nMM,[0]
lFKH,nY4nrW4UH5Y,"[2, 30, 55, 1592]"
89KH,,[1630]
J2KH,s299KzjcDVs,[0]
TPKH,s2pMki364Jw,"[5, 16, 25, 327, 587, 1347]"
JyKH,ybgEbK5CgXQ,"[0, 607, 1258]"
zWKH,ybE19l_njUQ,[3]
GrKH,yhQBYCtaCVs,"[43, 642]"
dzKH,uKyWTqXykPw,"[4, 9, 14, 37]"
pRKH,uLrBe7ILFfU,[354]
vcKH,uQbAaAOI1eI,"[2, 17, 19, 30, 345]"
HqKH,uQm1sn6rmS8,"[6, 8]"
05KH,AkBO64EdCmo,"[0, 1]"
y6KH,iuJRBnOAg5c,"[2, 44, 46, 107, 114, 155]"
yrKH,j1K_ASIZMCg,"[0, 1, 36, 142]"
ysKH,x0IJfiA79Xs,"[2, 45, 51, 56, 77, 212, 295]"
vIKH,,"[21, 23, 73]"
JtKH,RWb_0LHF8V0,"[2, 7, 1134]"
OuKH,BsAaP4CtqRg,"[2, 7, 95, 116, 3222]"
CkKH,,"[127, 770]"
OdKH,BwhfizMG4a4,[8]
RwKH,,[9]
wXKH,ohQdUToFs70,[136]
BeKH,Z8HfcxNkNYs,"[71, 152]"
KyKH,B-l-gku0q-8,"[0, 63, 167]"
1rKH,B0H4YpE9Aew,"[3, 4, 13, 41]"
0wKH,B1aADtDFb5Q,[17]
ReKH,B1WlzZZjX9Y,"[2, 7, 165, 267, 399, 415, 458]"
NAKH,B3Xgd4bLgnk,"[3, 4]"
HCKH,B9skIaEId6g,"[21, 23, 24, 73, 158]"
K2KH,p9bn0XiBrvw,"[0, 1, 35, 896, 1249, 2675, 2766, 2928]"
kTKH,pAEqT8pCW2Q,[210]
MOKH,025M6QRLKuE,"[31, 40, 47]"
FeKH,038AUWB09Ac,"[3, 6]"
1cKH,oMZwuWDMnDE,[4]
gyKH,oMIN7UdBqOk,"[49, 127, 1188, 3030]"
h3KH,,"[0, 1]"
TZKH,h6UjW14bDAI,"[217, 600]"
s9KH,IM1NFuHEMtE,"[4, 9]"
ZfKH,INbE8vWJXUg,"[0, 1, 93, 102]"
POKH,IOIU3fsjKGg,"[127, 861, 2764]"
VsKH,_twyYnlrhRI,"[0, 63]"
6QKH,_tKiOzQ1uqM,"[4, 9]"
jMKH,Bm2vLxMTK38,[61]
JVKH,Bnr0miqcr70,"[160, 273, 888]"
knKH,XTjxUoZTvsc,"[6, 8]"
K0KH,xG6C4mDz7v0,[3]
5MKH,6kJ_dLvzqgQ,"[1, 575, 1502, 2110]"
BFKH,WziwE5di_RU,"[2, 45, 51, 56, 77, 137, 442]"
hZKH,-lyrtIn9q6g,"[21, 23, 24, 115]"
OWKH,3Jydp_koAwA,[295]
siKH,mREfw44WOSI,"[0, 1, 42, 102]"
rQKH,0ddoqvVREOY,"[0, 139]"
CZKH,0eabhC8b_gY,"[2, 76, 419]"
bcKH,HYEMSnDhnrE,"[26, 199, 259, 326]"
oEKH,xMWBh_vgu6Q,"[0, 1, 35, 85, 134, 174]"
puKH,eqfXC9aagKg,"[6, 14]"
72KH,ettd73kRw2Q,"[2, 44, 46, 109, 114, 1170]"
viKH,xcFHiIHg0i8,"[5, 16, 1568]"
DYKH,xeuy5d9x-T0,"[0, 523]"
nDKH,xgn8sH3siYk,"[40, 41, 47]"
Y4KH,xhBvcBok4J4,"[2, 30, 55]"
GOKH,c7y3bIvjA5E,"[50, 65, 355]"
hGKH,cADrAiAqPB0,"[0, 12]"
RIKH,rVuF71AyPQo,"[2, 359]"
hcKH,,[5]
PMKH,BVnVktM-E3M,"[0, 312]"
ggKH,bPW_m8txLkg,"[3, 13]"
IvKH,o9r17BwBxP0,"[26, 466]"
BfKH,oBeY-vTpYVQ,"[0, 63, 450, 2478]"
LgKH,oDZORac4Fsc,"[6, 8]"
geKH,oEqY34SOSOo,[100]
VBKH,oF37CcGMf5s,"[2, 44, 46, 107, 114, 138, 145, 155, 162]"
IXKH,oJ73Lq0Fweg,"[0, 1, 27, 33]"
9wKH,,"[5, 16, 84]"
RsKH,Saz-T9ZOONY,[205]
OiKH,SkdDvuIIL8Q,"[28, 33, 38, 78, 86]"
N1KH,CsLmD6Wa_6U,"[2, 83]"
tFKH,CwY5iYqjkag,"[0, 1, 42, 102, 1244]"
AkKH,Cy-vJZZTNMM,[12]
0OKH,hzVyaYkTNuU,[39]
imKH,sYwlDh1cgv4,"[2, 7, 95, 116, 135]"
MTKH,sZNYMgYS3ik,"[3, 4, 13, 28, 33, 38, 54, 78, 168, 188, 330, 565]"
T9KH,wr1DWUA7lWk,"[3, 4, 6, 9, 10, 13, 28, 33, 37]"
kBKH,AmQTc52jsx0,"[71, 152]"
xCKH,hFFLci57suM,"[0, 12]"
8eKH,5wnZq9KBBfc,"[17, 19]"
VEKH,5xqbhRfljKA,"[24, 520, 2272]"
jeKH,3l5YppSsIFI,[14]
dGKH,3mS4YJZQ9t8,"[28, 33, 987]"
PaKH,3ryl-pFn7KM,[764]
29KH,MNhon_9_HuY,[195]
yCKH,MPacu2lhywI,[12]
XPKH,MQMoNmC0Y8c,"[0, 63, 167, 633]"
0PKH,MR_Y0oElfyE,"[3, 4]"
6dKH,MSMekTJ049A,"[11, 625, 886, 2004]"
6cKH,MTkSrVv6NJ8,"[2, 26, 45, 51, 77, 137, 298]"
seKH,,"[0, 1, 36, 147, 183]"
l5KH,m2bo3V2UR3I,"[16, 25, 136]"
uRKH,YjVKcrtEdAY,"[166, 398, 482, 501]"
vxKH,YloxAW7n-5o,"[3, 4, 13, 54]"
VwKH,Bgn4WdwewHQ,"[2, 7, 513]"
ZWKH,,"[2, 76, 446, 473, 547, 1597]"
iAKH,0WUIvDIRMi8,"[0, 79, 91]"
tIKH,IkGIh6wNpmo,"[0, 1, 132]"
BHKH,AMxwTCIHgFY,"[5, 16, 826]"
TkKH,TtqLu1m_tNg,"[160, 231]"
loKH,9BPfcPpMgBw,"[4, 9, 10, 37, 655]"
i3KH,f1pDqH8GoNw,"[1, 85]"
uZKH,VU_vGkofuXM,[308]
YTKH,VXXv6Zfp4jE,"[26, 574, 596, 609]"
J7KH,72jBRTrT6SU,"[6, 133]"
k3KH,yR70Ir_uWl4,"[5, 84]"
qpKH,yRfPTCFUk2s,"[5, 16, 3093]"
aNKH,yRjjtBEjuaA,"[0, 1, 63, 167]"
2UKH,iZA01DY7TiA,[12]
TgKH,GzE63aC7OKY,[3]
PqKH,IrdICoMcXrg,"[50, 65]"
j1KH,IsJQDk74xuI,[727]
YIKH,s6Qqe9Lkyxs,"[3, 4]"
CQKH,sDNAH1BZx-Q,"[3, 4, 13, 41]"
EHKH,sGiNUID_8cw,"[0, 215, 217, 600]"
fGKH,JUDuEl2ifVw,[182]
HHKH,JVuG593NTcY,"[0, 52, 70, 91]"
3pKH,JWeQNhWohLE,"[1123, 3412]"
5xKH,JXXOY2VmWB4,"[35, 230]"
7NKH,8eVTHaN-r0M,"[17, 19]"
iwKH,8kM9HyYLyVI,"[2, 76, 385, 1055]"
qaKH,zPHsjQlQcPU,"[3, 4, 6]"
m1KH,9kAVPHzCKtg,[726]
BlKH,KlxCZc3LtS4,"[2, 30, 196, 1083]"
bQKH,h9Uzdh-0ET0,"[60, 89]"
UqKH,h9YQxly1jL8,[3]
fSKH,SuR9VNDhLgY,"[39, 121, 156, 338]"
adKH,DeNElk_s_uE,"[5, 16]"
nCKH,DeX5beCJa3s,"[0, 2738]"
n8KH,DeozUBn9gU4,"[15, 18, 59, 178]"
IJKH,5HaswnbtLzA,[3]
f9KH,5NKu_GXvURA,"[2, 7, 171, 573, 841, 1167]"
lUKH,CYVxm4gpEvM,"[16, 644]"
4eKH,C_H1H0m5uxA,"[68, 72]"
bTKH,Cbx1Q1JTBic,"[26, 903]"
ufKH,oZfBRDcH7sE,"[0, 1, 36, 132]"
wrKH,s5m9Ml7_KFQ,"[0, 79]"
UcKH,EchpBgWmRWk,"[0, 226, 530]"
eLKH,yEcTi8iBtFA,"[0, 1, 69, 236, 404, 2017]"
SSKH,yHff7lOhAZs,[523]
NkKH,yI1MAVat_Zs,"[9, 10, 34]"
xbKH,Tjet1P_-6dc,"[0, 1, 27]"
vnKH,FcivCCmXSRc,"[284, 746, 1289]"
vrKH,,"[5, 49, 80, 81, 127, 265, 2406]"
0sKH,n90oSDfQEbU,"[2, 44, 46]"
VyKH,nAyuLrq-4Iw,"[15, 18, 67, 170, 314]"
oaKH,7EwZqaqgAkw,"[3, 4, 6, 9, 10, 13, 28, 33, 38]"
P4KH,JhVLgVmBcd0,[386]
IuKH,Jil99pzw5i0,[8]
rBKH,9VbkBXqE35Y,"[2, 7, 415]"
IMKH,9YMV5lvAXX0,"[0, 1]"
sLKH,9aCLAlYrQ3M,"[0, 12]"
xhKH,HwqGaJdjrZQ,"[15, 18, 59, 178]"
sSKH,I04vXBpAVA4,[223]
PLKH,I00jcyrKKdY,[901]
r3KH,I29sWkt8vOY,"[0, 215]"
WKKH,HmlDeV4tvSE,"[5, 16, 84, 169, 405]"
efKH,Kv7nMoTpp9o,[14]
v9KH,QoxPeiTkt58,"[0, 1, 27]"
wkKH,QoQuxM_1s8M,[5]
jdKH,R4znDMC1mEw,"[2, 7, 235]"
drKH,R8x_RHLvfDk,[14]
uaKH,N4q7LLGrVy8,"[2, 7, 90, 165, 373, 415]"
AFKH,N5lyJzuPsHw,[6]
LcKH,9GLA0GHDtfI,[8]
Y3KH,GGySsw8hM3g,"[3, 4, 6, 13, 3380]"
oAKH,X4Ne2Vc3ov0,"[4, 9, 14, 37]"
HlKH,X5KNFSWzT7Q,[11]
goKH,X7UnOAQFrK4,"[4, 9, 10, 37, 81, 108, 1809]"
CDKH,X97VdlMj3qo,"[2, 76]"
ChKH,QkQNnhJoXnM,[3]
FbKH,QnCZeggZi-8,"[5, 16, 25]"
PPKH,Y0locVrNVJ8,[12]
NlKH,i1iabrQuf44,"[0, 409, 1547, 2889]"
7tKH,_UjK7CnHLpM,"[0, 9, 1390, 2099]"
LaKH,CmV2I5sjezE,[289]
frKH,mCpYfLoQcAs,"[2, 45, 51, 56, 803]"
XsKH,mClkCrBAnd4,"[0, 1, 35, 85]"
w0KH,mDsAZMGWOFo,"[2, 7, 17, 128, 469, 792, 878, 1179]"
cHKH,mGx3piFfp-8,"[2, 95, 135, 297, 742]"
2ZKH,mG-cueTF71M,[61]
o5KH,mHpKuis1SxI,"[0, 1, 5, 577]"
QKKH,Uo7whuSh4TQ,"[26, 64, 113, 119, 186, 425, 1329]"
LfKH,UrjvdBNQz3I,"[26, 136, 370, 526, 527, 2853]"
67KH,hqe8_N9bUuI,[3]
V5KH,fpiAeFG49J4,[1918]
mhKH,aCgn93SQgEQ,[27]
MKKH,aD5ztAaPiXI,"[461, 498, 2598]"
5uKH,P33mhudlbrg,[263]
oSKH,P5j2yxJGlEA,"[2, 44, 46, 107, 109, 114, 162]"
4BKH,NL-ibvSFm8s,"[2, 145]"
pFKH,XK1rdaVWQtQ,"[0, 1, 777, 1404]"
gSKH,77C_po71aLM,"[0, 1, 27, 192, 294, 423]"
JeKH,azl2l4bkyNc,[26]
SJKH,azMUj_16OpM,"[5, 16]"
NVKH,FYHUhBFIb2k,"[0, 12]"
YeKH,Fa4f1aWW7CA,[189]
wdKH,Kc4SNKj3tsU,[8]
TNKH,FDaKnXZt3H0,"[49, 80, 3609]"
EnKH,FFCS6QV8tPg,"[3, 4, 6, 9, 10, 34]"
EqKH,EoQgY3f8TxI,"[2, 7, 62, 90]"
LZKH,ErAYeWHGi5U,"[0, 1, 27, 2540]"
4tKH,EsQdZbe-AK4,"[6, 8, 383]"
B6KH,EsRrV2_tAZ0,"[15, 723, 946, 1145]"
UzKH,MCXwKUT-4UU,"[0, 1, 63]"
PWKH,MCSPecqNnLQ,"[43, 101, 286, 374, 873]"
PZKH,Tyx3smeizUo,[71]
sqKH,BNc1ATYcglE,"[2, 7]"
jKKH,PkzkTiAdqFA,[215]
9eKH,Pr42lgDfTVs,"[24, 105, 349, 510]"
XrKH,A-OICjtXXPw,"[2, 7, 171, 1429]"
JcKH,RmUbtGDmI9E,"[2, 17, 19, 443]"
MXKH,RoRWZfRUaZA,"[31, 40, 57, 492]"
AoKH,Rp5QoQhTjkM,[106]
UIKH,uWfK-TsmoKg,"[945, 1634]"
X2KH,uX0pyP6Xqq4,[14]
DzKH,uZkbdUhz-Q0,"[4, 28, 33, 38, 78, 86]"
qCKH,yuh5efXTDVc,"[3, 4, 10]"
1NKH,z-O38I0v4Tk,[14]
1TKH,z0s68MDADlA,"[3, 4, 9]"
ubKH,z0ysx0wnNuQ,[342]
lSKH,,[11]
HyKH,Q4lncqsGJ3M,"[4, 9, 10, 34]"
TaKH,Q6onEFCBaTg,"[50, 65, 1620]"
DuKH,x3RqHrf4CaE,[3]
TwKH,caLvBFuATRo,"[485, 1346]"
b6KH,cdaO3noTkAg,"[2, 7, 165, 373, 1456]"
eBKH,ch9jPoXFiUg,"[2, 95, 135]"
1jKH,hrXGNMV4gos,"[12, 237]"
YzKH,KXT7gXqJp8Q,[5]
bnKH,KYn8vkWQddw,"[3, 4, 6, 324]"
orKH,,[3]
X9KH,Kac9C-eiSwc,[52]
4SKH,8R0CtCc89_0,"[3, 4, 6]"
wIKH,6VXMpu1XuU4,[25]
SrKH,HHfohe_z5OU,"[97, 188]"
xQKH,HIE0vgUV76w,"[3, 6]"
7aKH,HJRFv-4DnrQ,"[3, 6]"
31KH,RgK2o7Wdzls,"[5, 16, 1860]"
eRKH,i4Fq51QCuvc,"[2, 7, 373]"
iTKH,i7EUdZ4Wp7c,[182]
nQKH,i8Jgks7JGwY,"[2, 186]"
nOKH,i95z1x3QNVI,[14]
q0KH,ZNtKEZcyN9Q,"[0, 69, 193, 755]"
sAKH,ZOaTKk0Lny4,[0]
JwKH,ZQRSxH1G8UE,"[21, 23, 24, 74, 131, 2962]"
0fKH,,"[210, 685]"
YaKH,ZWjdXpoTXCM,"[0, 1, 36, 94]"
bfKH,XVe0x1iylWA,"[8, 201]"
D0KH,wNrRI9p8SJk,"[300, 389, 1357]"
cUKH,2U-GM2uGh6Q,"[15, 18, 67]"
DiKH,GVJjtS8U7cE,"[49, 127, 277, 616]"
XtKH,H2UPRQXmpYI,"[148, 2723]"
56KH,dfhq8PIEipY,"[315, 505]"
BqKH,dg8fwd2lqtw,[12]
QCKH,ZkQtbrZoQRA,"[82, 103, 118]"
F1KH,WrSgu-TuNUI,[1028]
omKH,LEKSLMz2Ars,"[0, 1, 27, 2782]"
iXKH,z7TKPltxJNM,"[4, 9, 10, 37, 1567]"
F9KH,z9smzcWHFu4,[419]
QkKH,z9JP5PU0JS0,[311]
BXKH,O-oVqwQESGM,[740]
YjKH,O70rRJInRqM,[9]
zvKH,1JEgraA2-Cg,[182]
w2KH,OLrXMnw_eHA,"[11, 20, 22, 29, 32, 120, 122, 173, 221]"
aZKH,y766cpAT--U,[2189]
UsKH,yB2a5sRLfLY,[20]
9XKH,b_RepJicnbk,"[11, 20, 22, 29, 32, 120, 426, 506, 680]"
1yKH,b_K6PgG4U_E,"[5, 16, 49, 919]"
KOKH,WL0AUCb2X9U,"[3, 4, 6, 9]"
hrKH,pMdmyaAbEx4,"[255, 1097]"
QdKH,pQV_hZRfqFk,[8]
XSKH,pQhODe25LfQ,"[28, 89, 175, 201]"
8mKH,pSpf1segFQ8,[14]
YqKH,pSm5A5UH0ZY,"[2, 7, 116, 297, 1373, 1397]"
MRKH,pVGJ7eZYUQg,"[1363, 3690]"
e5KH,NCImcxv3kl8,"[0, 1, 357, 372]"
IjKH,-AwvoVefy-c,[2545]
AiKH,-BEkgMXj0-E,"[11, 1651]"
DNKH,-EIbYx7X334,"[0, 1, 36, 142, 185]"
nNKH,-J1AiBbxf3k,"[432, 760, 788, 948]"
a5KH,ifGl2GvecUw,[8]
3CKH,,"[0, 12]"
ZAKH,4LalFq5N3uU,"[2, 7, 280, 608]"
ciKH,XY2-3wuhcsk,"[15, 18, 67, 140, 699, 2401]"
vDKH,XZeISzrYW4c,[369]
aYKH,OA_OX3PlQ6g,"[2, 7, 116, 235, 297, 1397, 2905]"
zVKH,OBA_kg640eM,"[53, 58, 269]"
j4KH,gFIyTDcYLqw,"[640, 2189]"
HJKH,gH2fCnB14rQ,[1668]
WnKH,gLIhHZ9SENY,"[0, 759]"
GMKH,SoHDpZx7oXA,"[11, 829, 969]"
TdKH,mpW8dYfPQOI,"[15, 96]"
UTKH,mpJvOKfcy2s,"[28, 33, 38, 78, 86, 553]"
BUKH,mpIuK0bGZdA,[945]
yUKH,mqbBhqQpDDo,[27]
nGKH,mrEP9e-AdM8,[1319]
evKH,,"[3, 89]"
RXKH,7gJHdlIhA8I,"[1, 19]"
3jKH,7gJ-BwJM1p4,"[11, 20, 22, 29, 32, 430, 2838]"
U1KH,7iMWcm0_-vE,"[15, 18, 59, 178]"
5iKH,7k96-awqCwI,[31]
mlKH,K-AO8NnAFIE,[21]
EbKH,K1R-_Lgt5dg,"[6, 8, 206]"
voKH,4m6CccF-sUA,[106]
qyKH,4nMl-EOfHOk,[17]
GLKH,zplZJ4hrFpQ,"[0, 1, 93, 102]"
bIKH,zp5sWlK3Fkk,"[5, 328]"
OpKH,IHmZXT2OOQQ,"[15, 18, 26, 170]"
RVKH,qIXyig4H1FA,"[3, 4, 6, 9, 10]"
3WKH,hNhPsFFAfLw,[2701]
RjKH,,[8]
8bKH,hUa_Fb0wnt8,[14]
LRKH,hWGPXATkVvY,"[2, 7, 48, 1329]"
6WKH,vBFKdWZJHKk,[9]
RlKH,vBvqf3FN0Wk,[3]
Y5KH,vF3Gm0_JA3M,"[5, 81, 108]"
BhKH,vFnDEQyZqEY,"[0, 1, 395, 534, 3589]"
5DKH,vINliK24UdI,[4]
kWKH,,"[0, 1, 245, 590]"
csKH,ACjdqUpW26Q,[11]
lnKH,ACFAUjh-Xf4,[3]
6jKH,AE5ULunwPvM,[307]
HMKH,AFMdpRqz_gg,[27]
zBKH,iGA9w-dzDfQ,"[0, 237, 811]"
BuKH,,"[0, 1, 219]"
6UKH,,"[66, 382, 648]"
LrKH,iM8xxN1AbOA,"[0, 1, 42, 306]"
jpKH,AqjNPhUbhuw,"[2, 3509]"
BAKH,Aq0hfyK6bVc,[9]
uWKH,,"[5, 16, 2347]"
jIKH,,"[8, 71, 152]"
XHKH,AjOVAvno3Ko,"[1, 357, 372, 390, 1359]"
CsKH,LzZBhN6htag,"[0, 1, 42, 223, 323]"
nrKH,M7HgxkH13qY,"[9, 10, 34]"
avKH,AUStyOmmWV4,"[0, 139]"
p2KH,AVmp25VO3jY,"[82, 103, 346, 350]"
giKH,iQKnLhXWcnk,"[9, 37]"
PoKH,u0MXgpsHA0g,[11]
N8KH,u2RmtgRdXik,"[8, 206]"
0yKH,SXPb8PLHSVI,"[0, 1, 1589]"
sZKH,rLLu3h8CFPg,"[0, 12]"
HAKH,f8E_3exPcYU,"[100, 161, 548, 696]"
cxKH,fAiZdPGp61s,"[5, 328, 2096]"
xXKH,fEmkEjvDqtU,"[11, 1510]"
MvKH,zhJxAD6hN7c,[2]
PNKH,,"[0, 1, 5, 69, 84, 169, 378]"
84KH,gSaSuh8E-Cc,"[0, 1, 1385]"
soKH,4PChUVxDHK8,"[104, 2748]"
dAKH,scDrsazmoZI,"[11, 83, 820]"
mbKH,sgeDj1zsrFM,"[6, 8]"
WVKH,si4L6gXr9RQ,[39]
vQKH,sjVYAg3J5CU,[727]
UKKH,pwB184drpGs,"[0, 1, 777]"
DdKH,PbHMDLQXTdY,"[6, 8]"
a4KH,IiVgHR-s33A,"[3, 4, 9, 10]"
acKH,DQ6YbUMG848,"[14, 478, 1111]"
PQKH,,[31]
dLKH,pDw9yBn6ps4,"[261, 1348]"
nYKH,pDWGWUsz7DM,"[15, 18, 170]"
sHKH,pEiA4UGxh9g,"[4, 41]"
gTKH,zSAMqoeMths,"[15, 18, 67, 140, 1533]"
p7KH,zT1IHp_13uk,"[5, 15, 49, 80, 96, 265]"
XAKH,2IYTYR5v0a0,"[0, 1, 36, 132]"
Z5KH,2Lp_42HzkI0,[3]
uVKH,2Nq5mujCeYA,[106]
ZbKH,JDpzTnfbUCM,"[0, 765, 1092, 1175]"
u4KH,,"[5, 1524, 1862]"
qUKH,GqrDIxENbck,"[68, 72, 98, 240]"
gZKH,GtmSuxM28W0,"[15, 96, 789, 1795, 3442]"
6sKH,,[0]
VMKH,7osdrxfNVDs,"[53, 58, 82, 160, 231, 273, 888, 1139]"
66KH,7ofFHIw3T4c,[0]
HzKH,7oj6XHc2PSY,"[68, 72, 98, 151, 240, 480, 980]"
XXKH,tpktmw6iOac,[13]
iJKH,tt2wY6DwtGg,"[82, 103, 346, 350, 537]"
zAKH,ttejuea4_ic,"[0, 52, 70]"
O2KH,jREa7ntnLxI,"[5, 731]"
pdKH,jSkX2-n2U08,"[26, 569]"
KBKH,,"[0, 1, 654]"
9lKH,jWKjS_i_whI,"[0, 530]"
6uKH,jXC6Qsb0IAc,"[0, 1, 395, 2210]"
65KH,,[1]
7GKH,REr7tYlSahQ,"[18, 43, 59, 101, 1415]"
XnKH,RG8xjiEVLNM,[489]
9dKH,RHp3W3axu4U,"[53, 58, 232]"
mXKH,SxGpGYdAbXo,"[0, 1, 63, 851, 968]"
ENKH,SzvvAfkp5aQ,"[2, 30]"
6DKH,7zmMqSMBWzM,"[2, 5, 7, 315, 2006]"
oWKH,814677O6DXQ,[1464]
bKKH,850zIke71bE,"[5, 16, 1545, 2674]"
psKH,86b8aLAvqg4,"[0, 1, 657, 677, 920, 1465]"
QiKH,SQwjsqrc5ig,"[1595, 1840]"
FOKH,SVsfx7sDBC8,[133]
08KH,JnrJg2J7b9M,"[307, 1299, 2076, 2305]"
4VKH,JqAP1wkVkaE,[6]
FQKH,0A1WRnjCmMo,"[0, 1, 69, 236, 404, 2200, 3293]"
jjKH,nhvlDvMIVqY,"[261, 1348]"
gbKH,ni20LT8kWv0,"[422, 485, 1112, 1267, 1517, 3654]"
mFKH,bSSX8qJnGak,"[2, 30, 55]"
3QKH,bUNYhq-Zyqc,"[148, 308]"
n7KH,bViVtbhEdqg,"[0, 12]"
mvKH,bVK8n6FgXe0,"[74, 131, 187, 2272]"
L0KH,bWmwV5GCcdo,"[6, 8, 383]"
VtKH,bYYRnBL5Ff4,"[15, 18, 67]"
eMKH,YR5YaetLUF0,[1800]
duKH,YTMdoR-MsDA,"[26, 194, 2489]"
IzKH,YUYRC-HSs4M,"[9, 10, 34, 37, 840]"
LnKH,YVV1B9qj2TY,[25]
W9KH,3apayuEacEY,"[3, 4, 10, 13, 54, 243, 278]"
NfKH,3djSAIQpVBA,"[2, 30, 55, 361, 1888, 2073]"
KQKH,3fI9qKOWxKw,"[4, 14]"
7lKH,w5r709Cbf4A,[225]
kYKH,w6DN6c1srgI,"[0, 12, 689]"
lTKH,t-4iBuV_Xo8,"[0, 79, 91, 376]"
eAKH,t-MZwS_KS60,"[0, 79]"
EmKH,,[811]
37KH,_x7rUC0Dh_A,"[68, 166]"
yjKH,_z1gzdmwmUg,"[0, 1, 36, 142]"
tDKH,a-3qp-Ppc_Y,"[3, 4, 13]"
dNKH,qNImByCp_7M,"[0, 1, 19, 2129]"
i4KH,wYpN1aeyCz0,[8]
QrKH,wdySYwoe7Dw,"[0, 1, 36, 94, 147]"
DhKH,wfWlEmKcrzI,[13]
55KH,IYKw8exODW4,[3]
tlKH,6j7qE6hAj1A,"[49, 80, 127, 787]"
NFKH,q1Jda6rgfA0,[0]
PgKH,xJzoNRHW7BI,"[9, 10, 34]"
mmKH,xJxCFLsEwZ0,"[0, 27]"
VlKH,UOWTT96MAjk,"[65, 355]"
3wKH,UPi7xM2gnek,[84]
3yKH,UQhhf5_Ti64,[3]
6lKH,1dI9hz4wcF4,[3]
eZKH,1faHJm_NCv4,"[1, 105, 192, 331, 455]"
UUKH,1gTrlMDerxs,"[0, 1, 36, 403]"
WOKH,1h8GWl8Gn1c,[8]
j6KH,zy7C5gkAvkg,"[0, 486, 1802]"
fUKH,EwNojuCHmes,"[0, 12]"
1bKH,RKI-9CaZAmw,[1748]
RMKH,RL8e9btNukM,"[2, 7, 361, 1549, 1703, 3399]"
33KH,tFEk-B1v4mY,[66]
STKH,Nf8B5IMBfvA,"[3, 4, 6, 9, 10]"
5dKH,Ni48a32IvK0,"[15, 18, 67, 140, 1711]"
J8KH,NiKsNayusJQ,"[0, 63, 167]"
N6KH,Nj7p8gHw4p4,"[2, 7, 48, 177, 1217]"
NuKH,6t_Sv3_BoyI,[289]
NCKH,6u1P7SmetDQ,"[5, 764]"
88KH,6vhBvukGX50,[5]
8PKH,6vi2WB_-Qxg,"[0, 26, 451, 1301]"
nmKH,uJ5k6SIsnx8,[578]
6vKH,rpWDJ5UltrY,[895]
CjKH,rqcdDH-kipo,[3]
5mKH,opnA7CJbuhc,[2806]
y7KH,Vo7QEJmUcOs,[41]
svKH,VxJNT_4e2tc,"[5, 183, 744, 2940]"
PIKH,VyNvs4z_QPQ,"[4, 13, 54, 168, 330, 565, 1001, 1799]"
KsKH,NJojaKaa7rM,"[0, 1, 409, 2849]"
NPKH,VQTbm0fZb2w,"[39, 181, 216, 222, 249]"
n2KH,F3Zqb1rBQEg,"[11, 2545]"
OVKH,FCQtwU6fqEs,[133]
coKH,FC5Gs91VqBo,"[0, 1, 27]"
OjKH,gXDrDy29K6g,[1036]
ZsKH,21lu1nCxQHg,[984]
iRKH,j3WaIxNRi4M,"[0, 1, 5]"
57KH,j4iA5CslGeE,"[8, 175, 201]"
ZUKH,j75uq_R7hig,"[166, 398, 501]"
9TKH,gvmxPSfXU_E,[14]
JkKH,gzo2PKUVjME,"[0, 1]"
OAKH,h1a3ymzYpec,"[0, 1, 69, 2145]"
HrKH,h1NqrOBylIw,"[0, 1, 929]"
qrKH,2Y45H6LMmc8,"[66, 453]"
wmKH,0tdGaggdw6c,[39]
WZKH,0yvsT1DlgCA,[1288]
bEKH,GCyppXRyQnw,"[0, 12]"
b7KH,,"[0, 12]"
OJKH,mSruO4QM5bA,"[126, 220, 276]"
gNKH,,"[1007, 1712]"
UbKH,zukTX5559so,"[9, 10, 34]"
hEKH,ZBMllP0pFNg,[260]
MxKH,wEsJWZNPHwc,[61]
rsKH,auOL1v0tVns,"[66, 293]"
JdKH,aurXQdLa_yI,"[2, 75, 2526, 3041]"
ZdKH,gaTDygLcW1E,[269]
oIKH,gauP0uvsCBE,"[13, 164, 175]"
pYKH,5ZsLj2AGRU4,[13]
QUKH,5amQ4xFtKBw,"[0, 12]"
iFKH,5aQtBuUUCs4,"[24, 1288, 2986]"
DGKH,6aEWrqLraqo,"[468, 1120, 2968]"
pTKH,6cyl3ip2EHI,"[0, 12]"
HFKH,2ienaFQxPl0,"[50, 65]"
rTKH,Hv0zfmTOy7M,"[12, 675]"
WmKH,-69Q8ZDO1Gg,"[16, 25, 136]"
HvKH,-6sPi8s2wkw,"[11, 229, 917]"
WlKH,64I0VFAnUH4,"[2, 7]"
vkKH,65d6dLmXfkk,"[2, 45]"
1XKH,XOybVQvjWKc,"[28, 33, 38, 78, 86]"
7bKH,tfDAMul5THA,"[4, 10, 34, 1109]"
YdKH,ti7tXOoFjqo,"[5, 16]"
h8KH,tlsRdlvKMqk,[6]
VrKH,tnmzxBfp0g8,"[53, 58, 163, 232, 427]"
4DKH,WwC20pkcQF4,[3]
sQKH,Wxc3qetcS1Y,"[0, 1, 63]"
GdKH,JNrZauToT0c,"[8, 92, 110]"
CAKH,q8t1TL-XWbo,"[5, 16, 1374]"
nwKH,11-KELHxB18,"[2, 7, 402]"
t1KH,14iSnqFKIUk,"[2, 30, 53, 55]"
5pKH,1BVLJtDcW-g,"[3, 13, 41]"
GTKH,1Bs1tW-ED9I,"[517, 1691, 3236]"
EUKH,FMPvOZneeiU,[3]
W7KH,5iFtDy9FiMA,[3]
hHKH,hYv-nluOabs,[71]
dPKH,hfADOOU7icw,[3]
0vKH,J4xTp-zbRnw,"[141, 255]"
HTKH,,"[5, 16, 618]"
yiKH,QhpRn_QkCpA,"[2, 7, 17, 104, 177, 1217]"
HZKH,,[900]
07KH,srTsKlL02bU,"[5, 144, 190]"
awKH,ssqu3-gH9LM,[276]
yaKH,,[16]
jNKH,,[14]
BrKH,d4JO4cG47e0,"[0, 1, 5, 144, 190, 1350]"
SDKH,d5UZ-tdLo_Q,[182]
eFKH,d7yQHNntX4I,"[3, 4]"
6HKH,d8JInVN9otQ,"[8, 28]"
MtKH,d9uP1wXvAlg,"[53, 58, 163, 214]"
nSKH,dBezjbIyaDg,"[236, 404, 2601]"
GKKH,dCAWiIAg8YA,"[3, 4, 6]"
LKKH,ucqCfKADcAo,"[100, 161, 356, 704, 1515]"
y9KH,udOieNhAY9E,"[28, 33, 38, 78, 86, 257]"
TpKH,o3C5q79EUxM,[3]
CFKH,S6kD23VOQbw,"[11, 302]"
D9KH,S7kvKd4gepE,"[0, 1, 5, 3769]"
UmKH,U7XIzW4GuwQ,"[0, 1, 5, 436]"
oPKH,jgn4V1MIw4U,"[0, 1, 2467]"
9HKH,4d_F7gZ4QAY,"[4, 13]"
ueKH,OUHcoxqsuwQ,"[0, 12]"
MwKH,OVqnzOh3gdw,[13]
nxKH,o45SJxu9M20,"[4, 9, 13, 14]"
CtKH,o6c0zYX7Rk8,"[146, 158, 279]"
mpKH,o8Ft5PQr-xs,[227]
fvKH,DW9_aa_3n1I,"[0, 1, 5, 203]"
50KH,DYQudkXgI-Q,"[2, 44, 46, 64, 113, 119]"
URKH,JsXb0ODIvkM,"[11, 20, 22, 29, 32]"
hVKH,Jt0LMqm__Gs,"[0, 1, 150, 739]"
wyKH,,"[0, 26, 574, 596, 609]"
twKH,25t5U_hTkY4,"[21, 23, 284, 311]"
X6KH,27kDgfyNro8,"[39, 121, 156, 202, 207, 233, 338, 393]"
OMKH,283pV6xuKJ4,"[2, 7, 48, 224, 267, 711]"
pbKH,2AHV85fYCCs,"[3, 6]"
rDKH,2BVs7VonHoA,"[9, 10]"
qsKH,2CAOFJfSHNo,[342]
S1KH,2DQpbjzKzQ8,"[24, 74, 131, 275, 471]"
LhKH,YDkpL_DBqaE,"[3, 6]"
APKH,YIPLES6aXwI,[3272]
WzKH,YIJ3KuQh6zk,[3481]
xnKH,,"[31, 40, 47]"
niKH,ujar99rMPcM,"[2, 7, 196, 213, 1908]"
NZKH,bGwtoQpyRWg,"[182, 392]"
WAKH,bI4QVWazVVA,[3]
WGKH,bJdwFJ9aPSc,"[0, 1, 203, 337]"
rlKH,joWdsbPgmCs,[12]
i8KH,WA3aci4jFvU,[4]
k7KH,WC0RVjaQm2U,[61]
4vKH,WCadcewyvo4,"[39, 121, 441]"
CdKH,WIybDChmWSk,"[2, 44, 46, 107, 109, 114, 138, 602]"
wPKH,kTCs5rbgzzU,"[8, 346, 537]"
v0KH,yVYSaKqGX4k,"[3, 4, 13, 41]"
9nKH,hhunZUeiV2A,"[74, 187, 200, 275, 617]"
uvKH,hjp0vLRWxJU,"[15, 724, 1276]"
0TKH,hj79z_xCWBk,"[0, 591, 761, 898]"
ZeKH,hlKHZ1Ga_CM,"[0, 1, 532]"
t8KH,BBmav3dZW8Y,"[0, 538]"
rhKH,BKG7Mfb55pA,"[0, 1, 19, 35, 2382]"
ddKH,MjpSALcS7DE,"[0, 139]"
buKH,MlljVsli_G0,"[326, 672]"
eTKH,MlyJ-WCAKvs,"[68, 72, 98, 151]"
xPKH,Mmj4XzkLNG0,"[0, 1654]"
nJKH,Mp9K3RxMCsc,"[0, 1, 153, 180, 2089, 3800]"
RvKH,dyPMTDHga60,"[0, 2168]"
eIKH,x7kuLgSlpyE,"[2, 7, 90, 810]"
btKH,wzN_8cJtnFI,"[21, 23, 24, 73, 712, 937]"
5QKH,wzanitprIXQ,"[2, 75, 208, 745, 1134, 1205]"
CBKH,Mr_XhWeGmYk,"[88, 184, 191, 299, 380, 985]"
TBKH,MtXVKwpusyY,"[2, 7, 17, 128, 174, 213]"
diKH,MwZJeoLU2xs,"[0, 79]"
DrKH,MxQMOAEJ4K4,[9]
vTKH,veiDrs1SLqg,[3]
54KH,vmjmammd2l0,"[5, 618]"
plKH,vogjDRjATnA,"[2, 56, 218]"
tVKH,IBF7iQIQlos,[54]
ZYKH,IBtF443rbE0,"[0, 1, 27]"
iQKH,IFqLZPyuz_w,"[0, 79, 91]"
LWKH,IFAkR8fgrlU,"[6, 8]"
J1KH,IG3BC0Y-QRk,[183]
J3KH,VjH15euw7ik,"[4, 9, 13, 522]"
YiKH,VjyInRYALbg,"[0, 1, 916]"
ZRKH,RDGSAhbDQCY,"[0, 1, 35, 134, 1445]"
nKKH,PDh6L3jGHis,"[50, 65, 503, 661]"
FUKH,YNLEicRr2Cc,"[0, 1]"
R1KH,jGj2sSvSquc,"[3, 6]"
KSKH,jHBFFl3Yhyk,[0]
DkKH,jJR9ZzxVhHE,"[3, 4, 6, 54]"
qDKH,FI0_1AtBon0,"[15, 18, 67, 140, 1122, 1954]"
pIKH,FI_8I6Fwz80,[11]
4XKH,SFhm3P3TiqA,"[0, 1, 139]"
30KH,SGr0q5CJpJk,[71]
e7KH,u9IwA1MpbG4,[14]
dlKH,uAypgURrZlI,"[0, 1, 1985]"
e0KH,uCwXjnmIsMQ,"[3, 14, 61]"
H8KH,uCeRspAS7zs,[1]
AvKH,uDY6-lXvB4o,"[0, 12]"
8LKH,d0Uzb3oJeZ0,"[0, 1, 153, 719]"
nEKH,3-cKET6Qhtw,[14]
cQKH,XqC95Zjo9J8,"[6, 133, 325]"
kHKH,1Fma0S8HhN0,"[6, 463]"
Y2KH,1FNvpR7LhcM,"[3, 4, 97]"
WDKH,XBh7GjhXReE,"[0, 1, 5, 983, 1149, 1581]"
noKH,XEvMauRGMhE,"[422, 485, 1060, 1112, 1267]"
GoKH,XFxN9Pm4ATA,"[6, 8, 812]"
m4KH,2voGWmVme8A,"[15, 18, 67, 170, 314]"
BPKH,2xp-N_Churo,"[9, 10, 34]"
pwKH,2xDroV4Fz1A,"[3, 4, 9]"
G6KH,PvANTcPtc3o,"[0, 17, 19, 394]"
C4KH,Pz0R1PCu-sM,"[5, 768]"
eyKH,Q1I5uamxVRY,"[26, 2041]"
kXKH,,"[11, 20, 22, 29, 32, 564, 1096]"
CyKH,lj6rxTOTTI8,"[2, 75, 83, 208, 745, 1695]"
BWKH,VbDhTc8TTcI,"[4, 13, 54, 168, 188, 330, 565]"
rvKH,Oh6pnCPzkMQ,"[82, 118]"
uYKH,XLFe2mU4ns4,"[3, 6, 41]"
igKH,wQzhQGLdErY,"[26, 130, 189, 435, 610]"
lhKH,wSFivROHpoY,[238]
7VKH,4627tgeNzRc,"[46, 109, 264]"
zNKH,47V_vDzAu78,[3]
d3KH,69Gx-guHF6A,[1947]
TOKH,m41g4EIpVUw,"[66, 148, 253, 271]"
4zKH,4hv0pBXRqxE,"[17, 19]"
WyKH,Os_1qh_dcIw,[1645]
34KH,Otu7lq8ktdQ,[8]
ErKH,OuNzztmDKU4,[1226]
h1KH,OuP87bgc5Vc,[5]
srKH,,"[5, 436]"
tLKH,q_viwyXmyEw,[17]
4ZKH,qg_H0AOmPGI,[12]
G5KH,qiR4Jx9ob6U,"[498, 2232]"
UhKH,D4DzSAMlJ1g,"[11, 15, 18, 67, 170, 314]"
gHKH,UegnYoqN3C4,"[4, 9, 37, 2756]"
ZTKH,Ujfye_JSI-w,"[3, 1473]"
8QKH,,[14]
4sKH,CHNxxoi387M,"[574, 643]"
ODKH,CKOOvZNQIuQ,"[3, 6]"
XwKH,CK4f0pa2OSA,"[11, 402]"
VQKH,0NuWSWT1oNs,"[0, 1, 36, 142]"
mHKH,0RuZp_843KE,[3166]
lwKH,0SCCEWeVAoA,[3]
t4KH,0TWDSVkX_j4,"[0, 52, 70, 125]"
8yKH,fPNhjEbreUk,"[0, 1, 36, 94]"
HBKH,,"[21, 23, 24, 73, 554, 786, 1572]"
MnKH,fTwMpI5Vmvc,"[15, 499, 723, 946]"
4uKH,,[304]
oyKH,t2aIP_JmT0Y,"[4, 9, 10, 34]"
2MKH,t3RvvgffMck,"[15, 18, 67, 907, 1328, 1486, 1733]"
atKH,t6Cj3xpTjgQ,"[2, 44, 46, 114, 162, 848, 1164, 2527]"
e4KH,POVBG-j94Z4,"[724, 1407]"
W5KH,PRewMELeK1Y,"[0, 1, 5, 159, 3289]"
36KH,PS9VY1G_Zvc,"[6, 8]"
REKH,PTt1Pgh7qhA,[61]
eoKH,PXZiFpqqnyI,[3]
XFKH,6yZ4ru9pmQk,"[6, 1184]"
wfKH,6z8_D8d-hmA,"[2, 7]"
nVKH,6zm9eNpx8gc,"[50, 65, 66, 256, 332]"
V6KH,,"[157, 936]"
dgKH,K6MNgZDs68Q,"[11, 112, 302, 1507, 1822, 2154, 2692]"
GWKH,pZGWZ9_Fgn0,[61]
teKH,p_G8UKID8AU,"[1320, 1374]"
E1KH,pazhEIVOUDg,"[0, 1, 27]"
l9KH,pe1uiJbN0OU,"[92, 110, 369]"
WYKH,Op28UK4q3Ro,"[15, 96, 397, 994]"
oeKH,E1tp7h37BEY,"[11, 20, 250, 713, 1643]"
4YKH,E6lApFmQDy8,"[11, 315]"
OrKH,5qpgsL9nSUc,[148]
EsKH,DFQUSrpQV3M,"[50, 256]"
U7KH,jymIUQLQ_eI,"[5, 84, 144, 190]"
5VKH,vVJQNWGfOgs,"[3, 4, 13]"
ADKH,vZj8oCDa37I,"[238, 764]"
SEKH,v_teN9pxtEY,"[9, 10, 34]"
udKH,,"[0, 1, 36, 94, 132, 142, 147]"
NrKH,aUkeOVRs7P4,[3158]
4LKH,MHcn4DfoK_8,"[0, 1, 27]"
RDKH,RX9p5sRlBLY,"[0, 1, 27]"
GBKH,RYK1XS6bxIk,"[3, 4, 6, 10, 13]"
9BKH,ajR68kY4PA0,"[0, 1, 42, 223, 323]"
R7KH,al7fASkrNr8,"[11, 20, 22, 29, 32, 120, 426, 752, 3179]"
4IKH,amvP499xWqQ,"[0, 1, 35, 85, 1130]"
OFKH,atAp8l9uVNM,"[5, 16]"
VZKH,,"[17, 19, 55, 143, 166, 340]"
6SKH,L2gBR9_CW2I,"[4, 9, 10, 37, 3686]"
XgKH,wG8FQMLcTdM,[667]
7AKH,wHfJJS0PhI4,[252]
93KH,dHwT_4V1Rrs,[8]
GpKH,dJ1w68ZQxYg,"[0, 52, 70]"
K7KH,3385-qspKxw,"[0, 1, 35, 134, 301]"
yfKH,LiSnIOhZn3M,"[0, 1, 27]"
KpKH,,[3]
ZGKH,g51mWer4YEI,"[82, 103, 118]"
czKH,g5cCsELiMQY,"[17, 19, 448]"
ySKH,g6o7Xjq7eNY,"[113, 664, 908, 965]"
WWKH,,"[0, 1, 35, 85, 387]"
xjKH,g6DtlvTODbc,[8]
f7KH,g8aYphbRc_k,"[5, 16, 445, 581]"
HxKH,gAWvLD2EltA,[12]
kwKH,HbCPq_3P4fE,"[0, 1]"
ajKH,HezslQXUzJM,"[0, 1, 714]"
rVKH,HgRj8O7gq7g,"[4, 9, 10, 37]"
JqKH,Hh4Jk1ByGPU,"[0, 1, 5, 35, 134, 795]"
dIKH,GvG5NeDk3vA,"[2, 7, 83, 541]"
1mKH,GvxEyd_CiPk,[31]
HwKH,TmEQDP3g10k,[578]
JZKH,Tr-OOt_9XXI,"[6, 556]"
OXKH,L8ZgDoKeO90,"[0, 1, 1340]"
JOKH,L9t5h4TjcGY,"[68, 72, 452, 480]"
eGKH,3OzdbvHJPEQ,"[99, 310]"
BsKH,3WnUL7IEsUc,"[0, 1, 1023, 3170]"
r6KH,QIGXDDX-DmA,"[6, 8, 807]"
hKKH,WjwEYHiqPG0,"[712, 1210]"
eSKH,Wk9Ekz39Dzs,"[4, 6, 133, 188]"
XEKH,WoHiEJBMrVo,[578]
WgKH,Iwwazc5Z5eM,"[66, 766, 1117]"
eYKH,IxOH79jINfo,"[66, 148, 253]"
vgKH,IymMTeeKqII,"[0, 8]"
mQKH,zZ2hiLiDRAg,[14]
xeKH,zZiD_eJX4Z0,"[3, 4, 6, 10, 13, 38]"
WqKH,ITQKXG61JGk,"[0, 226]"
oHKH,IWByNx45w0s,"[0, 1, 35, 85, 245]"
faKH,_Mi3406Ic78,"[3, 4, 10, 13]"
iuKH,C1XcKtR7QMg,"[21, 23, 24, 73, 146]"
oJKH,xNab6DhWEKw,"[2, 44, 46, 107, 114, 138, 155, 2221]"
zCKH,xQVyzaGfYF8,"[9, 10]"
tXKH,xT_meLvu_PI,"[4, 9, 10, 550]"
eJKH,ZGM4CUSLLX4,"[0, 1, 124, 287]"
zRKH,ZHAxxLrmVIM,"[0, 1, 153, 654]"
d2KH,ZMb-e-JyrHA,"[0, 52, 70]"
2YKH,0bFKdC8WbBY,"[726, 817]"
13KH,54DGtli6xtc,"[6, 8]"
oYKH,b4qyZcLd_xE,"[0, 1]"
LtKH,b4sQ0CU9R4Q,"[0, 1, 42, 111]"
iqKH,FushXEl5qMU,"[2, 7, 17, 95, 116, 129, 135]"
R9KH,FvTanYuzmJU,"[0, 139]"
8pKH,FyRVO9yLv4I,[2645]
AMKH,Z_gPph3fUAc,[205]
J6KH,Zay4Y3bXNio,"[26, 64, 113, 119, 186, 425]"
gzKH,ZbUA94fKSbg,"[0, 1, 35, 48, 85, 230, 258]"
q2KH,8oSYTCbw3nU,"[4, 9, 10, 14, 37]"
Y1KH,8rKvqygCnBc,"[2, 7, 266, 1330]"
kkKH,kmJ4WFJHYkU,"[21, 23, 574, 596, 609]"
m9KH,km0BJm8KkrE,"[9, 10, 34]"
wiKH,,"[0, 1, 35, 85]"
cAKH,krAMQINq-dw,"[11, 20, 22, 29, 32, 112]"
pEKH,ksRB6RNVC7A,"[9, 34]"
AjKH,kt1JrCuqYZc,[239]
AsKH,ktAlaVc8ug8,"[3, 4]"
6fKH,fi-4Rtg6KYc,"[5, 362, 2855]"
4TKH,fiEXmMGL0wc,[3]
7ZKH,fkJayQLW1Ko,[195]
4GKH,fmkceJF04p0,"[0, 1, 357, 372]"
qzKH,tUNPKE07X2Y,"[41, 389]"
MQKH,tXx88_X0sj8,"[0, 27]"
l1KH,YJHXaEh4RI4,[653]
XLKH,YK1dN-hHrU0,[25]
5lKH,0ifP3SiGMWc,[578]
PDKH,NquI0XEVfo8,[12]
2KKH,Ef5TeOunYQY,[100]
u7KH,EgSYstL4N0U,"[2, 75, 500]"
j5KH,,"[16, 25, 644, 847]"
3fKH,uHiabHAauAg,"[11, 20, 22, 29, 32, 112, 122, 444, 679, 1753]"
yYKH,e9guKbOk5jQ,"[2, 606]"
4FKH,40Wu0SDx4jA,[14]
EkKH,exwr3wMhcv4,"[31, 40, 47, 57, 117]"
VpKH,f-74Poak-3g,"[4, 13, 28, 33, 38, 78]"
99KH,N-Yw6EZ-amM,"[71, 152]"
d5KH,N0KMzSC0gUs,"[0, 1, 93, 102, 2836]"
z5KH,N0VBpRcGL7M,"[15, 18, 59, 178]"
8MKH,N2GUqY29zOg,"[1546, 2228]"
FKKH,E0aZkWjmJzg,"[15, 18, 59, 178, 1321]"
73KH,0mXsFVp-eM4,"[0, 1, 35, 268, 665, 1182, 2860]"
UxKH,0mtlrybGg_Q,"[2, 7, 864, 1899, 2835]"
muKH,0nZC-pqXpOE,"[2, 7, 825]"
94KH,0oOFfW1a4w0,"[6, 8]"
xJKH,9ejgM5rELi8,"[2, 7, 957, 2470, 2575]"
XmKH,9gvLCj7hlpE,"[0, 52]"
PeKH,9g9eYnHBNS0,[210]
HpKH,_jq1y5pZR6s,"[0, 329]"
cEKH,,"[0, 82, 103, 118]"
KJKH,xteQ8uQ1n0c,"[0, 1, 234, 2920, 3733]"
EaKH,xvB_rxdW9uM,[816]
THKH,xxgnwd6Nlys,[3]
TDKH,xyOStjm-Dm0,[1601]
5jKH,G_v1LtTD43A,"[302, 2000]"
6rKH,Ga0Y6ZoT7RM,"[2, 7, 174, 361, 1219]"
cmKH,GbBPhFdygmg,"[0, 1, 42, 3645]"
AtKH,GcqzJdHOWs8,[866]
tmKH,e_uCaFxB5HY,"[6, 8, 33]"
EpKH,fsVXgbqR2HE,"[2, 7]"
7EKH,fwoRyhEm_pA,[15]
UMKH,fzBywFccMZg,"[0, 1, 93, 102]"
8nKH,fzDjekjrMkE,"[3, 9]"
IWKH,ij0EyIrYWiM,[8]
O1KH,ip4ISiarkVk,"[43, 238, 274, 366]"
ZkKH,NwXO9aKiGG8,"[0, 12]"
4bKH,1OyKxLE-TSM,"[3, 4, 10, 13, 38, 54, 330]"
QLKH,1O09eInyUpc,"[9, 34, 289]"
ruKH,1SYl3JpzjoY,"[4, 31, 47, 585]"
DtKH,,[14]
k8KH,TI_q0JxdHnk,"[82, 103, 261, 346, 350]"
qoKH,TI84sI-4pi4,"[0, 52]"
aiKH,TI7g55HE0_Q,"[5, 16, 1690]"
foKH,TJhYtRfjrR0,"[191, 299]"
fhKH,TPOg0wDbB4U,[296]
C5KH,TQvynph2zh0,"[4, 9, 10, 34, 539]"
WuKH,YqI17LeSl5g,"[36, 142]"
FtKH,cFsNejoIlwE,[226]
12KH,aIcgMMF3e58,"[0, 12]"
qkKH,,"[3, 4, 13, 28, 33, 38]"
T3KH,-LkPX7tcTKM,"[2, 544, 1089, 1923]"
CVKH,-LHYFkYZFUA,"[5, 16]"
vBKH,-MF9AyF7S_c,[1315]
CTKH,1sBsbG7ebmw,"[157, 1878]"
dFKH,NV3a-JHjUqU,"[50, 65, 256]"
Q7KH,NZ94cp0GDDU,"[0, 1, 809, 1607]"
h2KH,qCQjvf5cKow,"[21, 23, 24, 73, 584]"
AXKH,PJHFLwEGBJw,"[11, 20, 22, 29, 32, 426, 1827]"
4AKH,RAymRjVHGi4,"[2, 7]"
fzKH,v1XeJ0mkfT8,"[0, 1, 69, 236, 404, 568]"
LUKH,v25u2YvKAmI,"[11, 20, 22, 605]"
AKKH,v2_FkhxT6vo,"[9, 10, 37]"
44KH,TFM6iXq2_zE,"[9, 37, 1566, 2144]"
0NKH,wUW-mvTezqw,"[0, 1, 5, 733, 1829]"
UCKH,wVQ7u3ML5o0,"[11, 20, 341, 1928]"
TQKH,ihuxhpkye0c,"[43, 60, 549, 571, 906]"
ImKH,ZqDMAy0swLk,"[2, 7]"
KmKH,OIeKB1cNIB0,"[0, 1, 42, 290, 431, 1427]"
YgKH,41CGMOvASG0,"[6, 14]"
qLKH,0Ga2sgMA7aM,"[0, 12]"
GxKH,,"[0, 1, 352, 1039, 1229]"
8IKH,aPA7PFwMCvM,"[21, 23, 2803]"
ClKH,aP7O1ce5x_I,[324]
DoKH,aT5YLTYOZSM,"[3, 6]"
x2KH,rjzMgha13Oc,"[39, 2102]"
ByKH,mkTRmYjrsrY,"[0, 1, 203, 467]"
ZyKH,mkASvNqTAfQ,[210]
T6KH,,"[11, 20, 22, 29, 32, 120, 506]"
RSKH,9rlBggIoL9c,"[9, 10, 37]"
CgKH,9siWrb1qSDo,"[2, 7, 145, 1187]"
21KH,,"[11, 368, 2312]"
6VKH,cRkkKwqkriI,"[0, 530]"
1MKH,cY_ADvGxhGU,"[2, 7]"
VJKH,cZARHDXnfp4,"[2, 30, 55]"
ZCKH,G8UX0ua03kE,"[4, 9, 10, 37]"
S8KH,G8CPcgfiKuQ,[80]
KGKH,O_ibSF0ti4c,"[0, 1, 48, 134]"
jJKH,O_-8ff0iyGA,[210]
TYKH,urcEBnRzztM,"[46, 107, 114, 155, 602]"
OUKH,useoIpcS91M,"[2, 17]"
63KH,utx4z9g9n5Y,"[33, 89, 201]"
6yKH,uu5ailmdJjg,[5]
9qKH,uvOKGsLDTAo,"[0, 1, 245, 424]"
3FKH,uwncsALDxr4,"[88, 251, 313, 347, 388, 1920]"
E2KH,uxCfoPplHEo,"[1, 1972]"
sPKH,uyKQjiTOXRg,"[17, 19, 55]"
2HKH,uzmRJazw8PE,"[2, 620, 804]"
ObKH,UylJ7vKMb38,"[270, 304]"
YmKH,UyuskjIdyWE,"[0, 12]"
tYKH,V0UlC6Pd_v8,"[0, 52, 79]"
kiKH,V3i91e1J13M,"[0, 79]"
BcKH,q20kG6sMxDg,"[0, 1, 2773]"
WEKH,byFHB2Xok1c,"[11, 20, 22, 32, 123, 250, 996, 1201, 1986]"
UoKH,yZxQUEISJS4,"[2, 75, 262, 542]"
RGKH,7JBg046aNx0,"[2, 44, 46, 107, 109, 138, 145, 602]"
dtKH,7K6VvrBaSyw,"[0, 1, 27]"
maKH,7PghPxkUbvE,"[0, 1]"
MWKH,m7B-xF4SOEY,"[0, 42, 306]"
0gKH,m7WGX_KNLj0,[3]
TmKH,-qv0F5Qrejs,[433]
FvKH,-w_VUr-ASpE,"[5, 31]"
NgKH,-zA4D9Gw73s,[12]
BvKH,vNd4ZMLVErE,"[0, 1, 1370]"
Y7KH,rCJFOw_cv9A,"[2, 62, 75, 525, 632, 1015, 2257]"
IEKH,vqqlzjYrico,"[0, 1, 1385]"
jFKH,,"[21, 23, 24]"
ACKH,sPC4rcsXZuM,"[0, 1, 1768]"
QgKH,sRfZG9l32_k,"[0, 27, 972]"
wjKH,7Cz1kq2Na80,"[0, 1, 35, 48, 85]"
uiKH,,"[0, 1, 124, 317]"
rGKH,2lsBKTJfk8E,"[0, 1, 42, 111]"
nyKH,k5QYDu8RMiM,"[5, 16, 136]"
cGKH,k6BFFRhyQSQ,"[49, 80, 127, 277, 750, 3463]"
7pKH,k6rzrPNpIi8,"[3, 13]"
dqKH,k7EA4c78KOk,"[251, 347]"
MHKH,k8OiMgfj1ww,"[11, 1017, 1577]"
NdKH,7t3olv7fiok,"[39, 434]"
HjKH,r2zidO0mCDw,"[31, 40, 57, 117]"
QxKH,5Vkg3CK_kaY,"[428, 825]"
J5KH,VSQt2PxgyQQ,"[2, 76]"
YMKH,,"[0, 1, 893]"
lWKH,kiS_zGmrZrI,[3339]
s0KH,kjV9blo9cN4,"[11, 20, 22, 886]"
3JKH,,[365]
HXKH,no6ZnEVXgJc,"[50, 65]"
XKKH,nptpe7Bfr6E,"[6, 8]"
JRKH,nvdDEXR5kaQ,"[21, 23, 24, 73]"
4rKH,nyd-2o3YcqU,"[11, 20, 22, 29, 32, 120, 173, 560, 1796]"
KYKH,JAwKag7Epco,"[11, 229]"
yIKH,_mpISJRa--o,[25]
bhKH,_n1AMBhf1ec,"[0, 1, 180, 3190]"
RrKH,l3aSIhd2k8k,"[2, 7, 310]"
7fKH,W4QAgzn3Nj8,[89]
mLKH,W7cbBNe2rp0,[61]
ogKH,H4wSyB9hfo4,"[68, 72, 151]"
bsKH,HAFvk5CZvkM,"[0, 79]"
llKH,HCHMSqoKExA,"[0, 486, 3167]"
qMKH,dlyHiluyl38,"[2, 7]"
iiKH,dmu2miUnWiU,"[28, 33, 38, 78, 86]"
HiKH,dpe4aqRhIUE,[1036]
ROKH,dpOUUFnHv_4,"[606, 2351]"
SXKH,FlFFv4Yr9Lc,"[0, 12, 1459]"
FJKH,FmgSL5Az2AQ,"[31, 40, 47, 57, 117]"
sVKH,Fn-c-e6M5qY,[14]
zXKH,FodrcHQeryc,"[0, 88, 242, 254, 470]"
YJKH,jiXakQYFZhU,[39]
vSKH,jjPveVLbsYA,"[0, 1, 215, 851, 1606, 1623]"
vLKH,ZtdwDIjbsaY,"[5, 2182, 3341]"
lGKH,ZwiAqZ6yZBk,"[0, 241]"
QDKH,_12to0hjfvM,[15]
